PassengerId,Survived,Pclass,Sex,Age,SibSp,Parch,Fare,Embarked,FamilySize,IsAlone,SourceURL
1,0,3,male,22,1,0,7.25,S,2,0,https://raw.githubusercontent.com/datasciencedojo/datasets/master/titanic.csv
2,1,1,female,38,1,0,71.2833,C,2,0,https://raw.githubusercontent.com/datasciencedojo/datasets/master/titanic.csv
3,1,3,female,26,0,0,7.925,S,1,1,https://raw.githubusercontent.com/datasciencedojo/datasets/master/titanic.csv
4,1,1,female,35,1,0,53.1,S,2,0,https://raw.githubusercontent.com/datasciencedojo/datasets/master/titanic.csv
5,0,3,male,35,0,0,8.05,S,1,1,https://raw.githubusercontent.com/datasciencedojo/datasets/master/titanic.csv
6,0,3,male,,0,0,8.4583,Q,1,1,https://raw.githubusercontent.com/datasciencedojo/datasets/master/titanic.csv
7,0,1,male,54,0,0,51.8625,S,1,1,https://raw.githubusercontent.com/datasciencedojo/datasets/master/titanic.csv
8,0,3,male,2,3,1,21.075,S,5,0,https://raw.githubusercontent.com/datasciencedojo/datasets/master/titanic.csv
9,1,3,female,27,0,2,11.1333,S,3,0,https://raw.githubusercontent.com/datasciencedojo/datasets/master/titanic.csv
10,1,2,female,14,1,0,30.0708,C,2,0,https://raw.githubusercontent.com/datasciencedojo/datasets/master/titanic.csv
11,1,3,female,4,1,1,16.7,S,3,0,https://raw.githubusercontent.com/datasciencedojo/datasets/master/titanic.csv
12,1,1,female,58,0,0,26.55,S,1,1,https://raw.githubusercontent.com/datasciencedojo/datasets/master/titanic.csv
13,0,3,male,20,0,0,8.05,S,1,1,https://raw.githubusercontent.com/datasciencedojo/datasets/master/titanic.csv
14,0,3,male,39,1,5,31.275,S,7,0,https://raw.githubusercontent.com/datasciencedojo/datasets/master/titanic.csv
15,0,3,female,14,0,0,7.8542,S,1,1,https://raw.githubusercontent.com/datasciencedojo/datasets/master/titanic.csv
16,1,2,female,55,0,0,16,S,1,1,https://raw.githubusercontent.com/datasciencedojo/datasets/master/titanic.csv
17,0,3,male,2,4,1,29.125,Q,6,0,https://raw.githubusercontent.com/datasciencedojo/datasets/master/titanic.csv
18,1,2,male,,0,0,13,S,1,1,https://raw.githubusercontent.com/datasciencedojo/datasets/master/titanic.csv
19,0,3,female,31,1,0,18,S,2,0,https://raw.githubusercontent.com/datasciencedojo/datasets/master/titanic.csv
20,1,3,female,,0,0,7.225,C,1,1,https://raw.githubusercontent.com/datasciencedojo/datasets/master/titanic.csv
21,0,2,male,35,0,0,26,S,1,1,https://raw.githubusercontent.com/datasciencedojo/datasets/master/titanic.csv
22,1,2,male,34,0,0,13,S,1,1,https://raw.githubusercontent.com/datasciencedojo/datasets/master/titanic.csv
23,1,3,female,15,0,0,8.0292,Q,1,1,https://raw.githubusercontent.com/datasciencedojo/datasets/master/titanic.csv
24,1,1,male,28,0,0,35.5,S,1,1,https://raw.githubusercontent.com/datasciencedojo/datasets/master/titanic.csv
25,0,3,female,8,3,1,21.075,S,5,0,https://raw.githubusercontent.com/datasciencedojo/datasets/master/titanic.csv
26,1,3,female,38,1,5,31.3875,S,7,0,https://raw.githubusercontent.com/datasciencedojo/datasets/master/titanic.csv
27,0,3,male,,0,0,7.225,C,1,1,https://raw.githubusercontent.com/datasciencedojo/datasets/master/titanic.csv
28,0,1,male,19,3,2,263,S,6,0,https://raw.githubusercontent.com/datasciencedojo/datasets/master/titanic.csv
29,1,3,female,,0,0,7.8792,Q,1,1,https://raw.githubusercontent.com/datasciencedojo/datasets/master/titanic.csv
30,0,3,male,,0,0,7.8958,S,1,1,https://raw.githubusercontent.com/datasciencedojo/datasets/master/titanic.csv
31,0,1,male,40,0,0,27.7208,C,1,1,https://raw.githubusercontent.com/datasciencedojo/datasets/master/titanic.csv
32,1,1,female,,1,0,146.5208,C,2,0,https://raw.githubusercontent.com/datasciencedojo/datasets/master/titanic.csv
33,1,3,female,,0,0,7.75,Q,1,1,https://raw.githubusercontent.com/datasciencedojo/datasets/master/titanic.csv
34,0,2,male,66,0,0,10.5,S,1,1,https://raw.githubusercontent.com/datasciencedojo/datasets/master/titanic.csv
35,0,1,male,28,1,0,82.1708,C,2,0,https://raw.githubusercontent.com/datasciencedojo/datasets/master/titanic.csv
36,0,1,male,42,1,0,52,S,2,0,https://raw.githubusercontent.com/datasciencedojo/datasets/master/titanic.csv
37,1,3,male,,0,0,7.2292,C,1,1,https://raw.githubusercontent.com/datasciencedojo/datasets/master/titanic.csv
38,0,3,male,21,0,0,8.05,S,1,1,https://raw.githubusercontent.com/datasciencedojo/datasets/master/titanic.csv
39,0,3,female,18,2,0,18,S,3,0,https://raw.githubusercontent.com/datasciencedojo/datasets/master/titanic.csv
40,1,3,female,14,1,0,11.2417,C,2,0,https://raw.githubusercontent.com/datasciencedojo/datasets/master/titanic.csv
41,0,3,female,40,1,0,9.475,S,2,0,https://raw.githubusercontent.com/datasciencedojo/datasets/master/titanic.csv
42,0,2,female,27,1,0,21,S,2,0,https://raw.githubusercontent.com/datasciencedojo/datasets/master/titanic.csv
43,0,3,male,,0,0,7.8958,C,1,1,https://raw.githubusercontent.com/datasciencedojo/datasets/master/titanic.csv
44,1,2,female,3,1,2,41.5792,C,4,0,https://raw.githubusercontent.com/datasciencedojo/datasets/master/titanic.csv
45,1,3,female,19,0,0,7.8792,Q,1,1,https://raw.githubusercontent.com/datasciencedojo/datasets/master/titanic.csv
46,0,3,male,,0,0,8.05,S,1,1,https://raw.githubusercontent.com/datasciencedojo/datasets/master/titanic.csv
47,0,3,male,,1,0,15.5,Q,2,0,https://raw.githubusercontent.com/datasciencedojo/datasets/master/titanic.csv
48,1,3,female,,0,0,7.75,Q,1,1,https://raw.githubusercontent.com/datasciencedojo/datasets/master/titanic.csv
49,0,3,male,,2,0,21.6792,C,3,0,https://raw.githubusercontent.com/datasciencedojo/datasets/master/titanic.csv
50,0,3,female,18,1,0,17.8,S,2,0,https://raw.githubusercontent.com/datasciencedojo/datasets/master/titanic.csv
51,0,3,male,7,4,1,39.6875,S,6,0,https://raw.githubusercontent.com/datasciencedojo/datasets/master/titanic.csv
52,0,3,male,21,0,0,7.8,S,1,1,https://raw.githubusercontent.com/datasciencedojo/datasets/master/titanic.csv
53,1,1,female,49,1,0,76.7292,C,2,0,https://raw.githubusercontent.com/datasciencedojo/datasets/master/titanic.csv
54,1,2,female,29,1,0,26,S,2,0,https://raw.githubusercontent.com/datasciencedojo/datasets/master/titanic.csv
55,0,1,male,65,0,1,61.9792,C,2,0,https://raw.githubusercontent.com/datasciencedojo/datasets/master/titanic.csv
56,1,1,male,,0,0,35.5,S,1,1,https://raw.githubusercontent.com/datasciencedojo/datasets/master/titanic.csv
57,1,2,female,21,0,0,10.5,S,1,1,https://raw.githubusercontent.com/datasciencedojo/datasets/master/titanic.csv
58,0,3,male,28.5,0,0,7.2292,C,1,1,https://raw.githubusercontent.com/datasciencedojo/datasets/master/titanic.csv
59,1,2,female,5,1,2,27.75,S,4,0,https://raw.githubusercontent.com/datasciencedojo/datasets/master/titanic.csv
60,0,3,male,11,5,2,46.9,S,8,0,https://raw.githubusercontent.com/datasciencedojo/datasets/master/titanic.csv
61,0,3,male,22,0,0,7.2292,C,1,1,https://raw.githubusercontent.com/datasciencedojo/datasets/master/titanic.csv
62,1,1,female,38,0,0,80,,1,1,https://raw.githubusercontent.com/datasciencedojo/datasets/master/titanic.csv
63,0,1,male,45,1,0,83.475,S,2,0,https://raw.githubusercontent.com/datasciencedojo/datasets/master/titanic.csv
64,0,3,male,4,3,2,27.9,S,6,0,https://raw.githubusercontent.com/datasciencedojo/datasets/master/titanic.csv
65,0,1,male,,0,0,27.7208,C,1,1,https://raw.githubusercontent.com/datasciencedojo/datasets/master/titanic.csv
66,1,3,male,,1,1,15.2458,C,3,0,https://raw.githubusercontent.com/datasciencedojo/datasets/master/titanic.csv
67,1,2,female,29,0,0,10.5,S,1,1,https://raw.githubusercontent.com/datasciencedojo/datasets/master/titanic.csv
68,0,3,male,19,0,0,8.1583,S,1,1,https://raw.githubusercontent.com/datasciencedojo/datasets/master/titanic.csv
69,1,3,female,17,4,2,7.925,S,7,0,https://raw.githubusercontent.com/datasciencedojo/datasets/master/titanic.csv
70,0,3,male,26,2,0,8.6625,S,3,0,https://raw.githubusercontent.com/datasciencedojo/datasets/master/titanic.csv
71,0,2,male,32,0,0,10.5,S,1,1,https://raw.githubusercontent.com/datasciencedojo/datasets/master/titanic.csv
72,0,3,female,16,5,2,46.9,S,8,0,https://raw.githubusercontent.com/datasciencedojo/datasets/master/titanic.csv
73,0,2,male,21,0,0,73.5,S,1,1,https://raw.githubusercontent.com/datasciencedojo/datasets/master/titanic.csv
74,0,3,male,26,1,0,14.4542,C,2,0,https://raw.githubusercontent.com/datasciencedojo/datasets/master/titanic.csv
75,1,3,male,32,0,0,56.4958,S,1,1,https://raw.githubusercontent.com/datasciencedojo/datasets/master/titanic.csv
76,0,3,male,25,0,0,7.65,S,1,1,https://raw.githubusercontent.com/datasciencedojo/datasets/master/titanic.csv
77,0,3,male,,0,0,7.8958,S,1,1,https://raw.githubusercontent.com/datasciencedojo/datasets/master/titanic.csv
78,0,3,male,,0,0,8.05,S,1,1,https://raw.githubusercontent.com/datasciencedojo/datasets/master/titanic.csv
79,1,2,male,0.83,0,2,29,S,3,0,https://raw.githubusercontent.com/datasciencedojo/datasets/master/titanic.csv
80,1,3,female,30,0,0,12.475,S,1,1,https://raw.githubusercontent.com/datasciencedojo/datasets/master/titanic.csv
81,0,3,male,22,0,0,9,S,1,1,https://raw.githubusercontent.com/datasciencedojo/datasets/master/titanic.csv
82,1,3,male,29,0,0,9.5,S,1,1,https://raw.githubusercontent.com/datasciencedojo/datasets/master/titanic.csv
83,1,3,female,,0,0,7.7875,Q,1,1,https://raw.githubusercontent.com/datasciencedojo/datasets/master/titanic.csv
84,0,1,male,28,0,0,47.1,S,1,1,https://raw.githubusercontent.com/datasciencedojo/datasets/master/titanic.csv
85,1,2,female,17,0,0,10.5,S,1,1,https://raw.githubusercontent.com/datasciencedojo/datasets/master/titanic.csv
86,1,3,female,33,3,0,15.85,S,4,0,https://raw.githubusercontent.com/datasciencedojo/datasets/master/titanic.csv
87,0,3,male,16,1,3,34.375,S,5,0,https://raw.githubusercontent.com/datasciencedojo/datasets/master/titanic.csv
88,0,3,male,,0,0,8.05,S,1,1,https://raw.githubusercontent.com/datasciencedojo/datasets/master/titanic.csv
89,1,1,female,23,3,2,263,S,6,0,https://raw.githubusercontent.com/datasciencedojo/datasets/master/titanic.csv
90,0,3,male,24,0,0,8.05,S,1,1,https://raw.githubusercontent.com/datasciencedojo/datasets/master/titanic.csv
91,0,3,male,29,0,0,8.05,S,1,1,https://raw.githubusercontent.com/datasciencedojo/datasets/master/titanic.csv
92,0,3,male,20,0,0,7.8542,S,1,1,https://raw.githubusercontent.com/datasciencedojo/datasets/master/titanic.csv
93,0,1,male,46,1,0,61.175,S,2,0,https://raw.githubusercontent.com/datasciencedojo/datasets/master/titanic.csv
94,0,3,male,26,1,2,20.575,S,4,0,https://raw.githubusercontent.com/datasciencedojo/datasets/master/titanic.csv
95,0,3,male,59,0,0,7.25,S,1,1,https://raw.githubusercontent.com/datasciencedojo/datasets/master/titanic.csv
96,0,3,male,,0,0,8.05,S,1,1,https://raw.githubusercontent.com/datasciencedojo/datasets/master/titanic.csv
97,0,1,male,71,0,0,34.6542,C,1,1,https://raw.githubusercontent.com/datasciencedojo/datasets/master/titanic.csv
98,1,1,male,23,0,1,63.3583,C,2,0,https://raw.githubusercontent.com/datasciencedojo/datasets/master/titanic.csv
99,1,2,female,34,0,1,23,S,2,0,https://raw.githubusercontent.com/datasciencedojo/datasets/master/titanic.csv
100,0,2,male,34,1,0,26,S,2,0,https://raw.githubusercontent.com/datasciencedojo/datasets/master/titanic.csv
101,0,3,female,28,0,0,7.8958,S,1,1,https://raw.githubusercontent.com/datasciencedojo/datasets/master/titanic.csv
102,0,3,male,,0,0,7.8958,S,1,1,https://raw.githubusercontent.com/datasciencedojo/datasets/master/titanic.csv
103,0,1,male,21,0,1,77.2875,S,2,0,https://raw.githubusercontent.com/datasciencedojo/datasets/master/titanic.csv
104,0,3,male,33,0,0,8.6542,S,1,1,https://raw.githubusercontent.com/datasciencedojo/datasets/master/titanic.csv
105,0,3,male,37,2,0,7.925,S,3,0,https://raw.githubusercontent.com/datasciencedojo/datasets/master/titanic.csv
106,0,3,male,28,0,0,7.8958,S,1,1,https://raw.githubusercontent.com/datasciencedojo/datasets/master/titanic.csv
107,1,3,female,21,0,0,7.65,S,1,1,https://raw.githubusercontent.com/datasciencedojo/datasets/master/titanic.csv
108,1,3,male,,0,0,7.775,S,1,1,https://raw.githubusercontent.com/datasciencedojo/datasets/master/titanic.csv
109,0,3,male,38,0,0,7.8958,S,1,1,https://raw.githubusercontent.com/datasciencedojo/datasets/master/titanic.csv
110,1,3,female,,1,0,24.15,Q,2,0,https://raw.githubusercontent.com/datasciencedojo/datasets/master/titanic.csv
111,0,1,male,47,0,0,52,S,1,1,https://raw.githubusercontent.com/datasciencedojo/datasets/master/titanic.csv
112,0,3,female,14.5,1,0,14.4542,C,2,0,https://raw.githubusercontent.com/datasciencedojo/datasets/master/titanic.csv
113,0,3,male,22,0,0,8.05,S,1,1,https://raw.githubusercontent.com/datasciencedojo/datasets/master/titanic.csv
114,0,3,female,20,1,0,9.825,S,2,0,https://raw.githubusercontent.com/datasciencedojo/datasets/master/titanic.csv
115,0,3,female,17,0,0,14.4583,C,1,1,https://raw.githubusercontent.com/datasciencedojo/datasets/master/titanic.csv
116,0,3,male,21,0,0,7.925,S,1,1,https://raw.githubusercontent.com/datasciencedojo/datasets/master/titanic.csv
117,0,3,male,70.5,0,0,7.75,Q,1,1,https://raw.githubusercontent.com/datasciencedojo/datasets/master/titanic.csv
118,0,2,male,29,1,0,21,S,2,0,https://raw.githubusercontent.com/datasciencedojo/datasets/master/titanic.csv
119,0,1,male,24,0,1,247.5208,C,2,0,https://raw.githubusercontent.com/datasciencedojo/datasets/master/titanic.csv
120,0,3,female,2,4,2,31.275,S,7,0,https://raw.githubusercontent.com/datasciencedojo/datasets/master/titanic.csv
121,0,2,male,21,2,0,73.5,S,3,0,https://raw.githubusercontent.com/datasciencedojo/datasets/master/titanic.csv
122,0,3,male,,0,0,8.05,S,1,1,https://raw.githubusercontent.com/datasciencedojo/datasets/master/titanic.csv
123,0,2,male,32.5,1,0,30.0708,C,2,0,https://raw.githubusercontent.com/datasciencedojo/datasets/master/titanic.csv
124,1,2,female,32.5,0,0,13,S,1,1,https://raw.githubusercontent.com/datasciencedojo/datasets/master/titanic.csv
125,0,1,male,54,0,1,77.2875,S,2,0,https://raw.githubusercontent.com/datasciencedojo/datasets/master/titanic.csv
126,1,3,male,12,1,0,11.2417,C,2,0,https://raw.githubusercontent.com/datasciencedojo/datasets/master/titanic.csv
127,0,3,male,,0,0,7.75,Q,1,1,https://raw.githubusercontent.com/datasciencedojo/datasets/master/titanic.csv
128,1,3,male,24,0,0,7.1417,S,1,1,https://raw.githubusercontent.com/datasciencedojo/datasets/master/titanic.csv
129,1,3,female,,1,1,22.3583,C,3,0,https://raw.githubusercontent.com/datasciencedojo/datasets/master/titanic.csv
130,0,3,male,45,0,0,6.975,S,1,1,https://raw.githubusercontent.com/datasciencedojo/datasets/master/titanic.csv
131,0,3,male,33,0,0,7.8958,C,1,1,https://raw.githubusercontent.com/datasciencedojo/datasets/master/titanic.csv
132,0,3,male,20,0,0,7.05,S,1,1,https://raw.githubusercontent.com/datasciencedojo/datasets/master/titanic.csv
133,0,3,female,47,1,0,14.5,S,2,0,https://raw.githubusercontent.com/datasciencedojo/datasets/master/titanic.csv
134,1,2,female,29,1,0,26,S,2,0,https://raw.githubusercontent.com/datasciencedojo/datasets/master/titanic.csv
135,0,2,male,25,0,0,13,S,1,1,https://raw.githubusercontent.com/datasciencedojo/datasets/master/titanic.csv
136,0,2,male,23,0,0,15.0458,C,1,1,https://raw.githubusercontent.com/datasciencedojo/datasets/master/titanic.csv
137,1,1,female,19,0,2,26.2833,S,3,0,https://raw.githubusercontent.com/datasciencedojo/datasets/master/titanic.csv
138,0,1,male,37,1,0,53.1,S,2,0,https://raw.githubusercontent.com/datasciencedojo/datasets/master/titanic.csv
139,0,3,male,16,0,0,9.2167,S,1,1,https://raw.githubusercontent.com/datasciencedojo/datasets/master/titanic.csv
140,0,1,male,24,0,0,79.2,C,1,1,https://raw.githubusercontent.com/datasciencedojo/datasets/master/titanic.csv
141,0,3,female,,0,2,15.2458,C,3,0,https://raw.githubusercontent.com/datasciencedojo/datasets/master/titanic.csv
142,1,3,female,22,0,0,7.75,S,1,1,https://raw.githubusercontent.com/datasciencedojo/datasets/master/titanic.csv
143,1,3,female,24,1,0,15.85,S,2,0,https://raw.githubusercontent.com/datasciencedojo/datasets/master/titanic.csv
144,0,3,male,19,0,0,6.75,Q,1,1,https://raw.githubusercontent.com/datasciencedojo/datasets/master/titanic.csv
145,0,2,male,18,0,0,11.5,S,1,1,https://raw.githubusercontent.com/datasciencedojo/datasets/master/titanic.csv
146,0,2,male,19,1,1,36.75,S,3,0,https://raw.githubusercontent.com/datasciencedojo/datasets/master/titanic.csv
147,1,3,male,27,0,0,7.7958,S,1,1,https://raw.githubusercontent.com/datasciencedojo/datasets/master/titanic.csv
148,0,3,female,9,2,2,34.375,S,5,0,https://raw.githubusercontent.com/datasciencedojo/datasets/master/titanic.csv
149,0,2,male,36.5,0,2,26,S,3,0,https://raw.githubusercontent.com/datasciencedojo/datasets/master/titanic.csv
150,0,2,male,42,0,0,13,S,1,1,https://raw.githubusercontent.com/datasciencedojo/datasets/master/titanic.csv
151,0,2,male,51,0,0,12.525,S,1,1,https://raw.githubusercontent.com/datasciencedojo/datasets/master/titanic.csv
152,1,1,female,22,1,0,66.6,S,2,0,https://raw.githubusercontent.com/datasciencedojo/datasets/master/titanic.csv
153,0,3,male,55.5,0,0,8.05,S,1,1,https://raw.githubusercontent.com/datasciencedojo/datasets/master/titanic.csv
154,0,3,male,40.5,0,2,14.5,S,3,0,https://raw.githubusercontent.com/datasciencedojo/datasets/master/titanic.csv
155,0,3,male,,0,0,7.3125,S,1,1,https://raw.githubusercontent.com/datasciencedojo/datasets/master/titanic.csv
156,0,1,male,51,0,1,61.3792,C,2,0,https://raw.githubusercontent.com/datasciencedojo/datasets/master/titanic.csv
157,1,3,female,16,0,0,7.7333,Q,1,1,https://raw.githubusercontent.com/datasciencedojo/datasets/master/titanic.csv
158,0,3,male,30,0,0,8.05,S,1,1,https://raw.githubusercontent.com/datasciencedojo/datasets/master/titanic.csv
159,0,3,male,,0,0,8.6625,S,1,1,https://raw.githubusercontent.com/datasciencedojo/datasets/master/titanic.csv
160,0,3,male,,8,2,69.55,S,11,0,https://raw.githubusercontent.com/datasciencedojo/datasets/master/titanic.csv
161,0,3,male,44,0,1,16.1,S,2,0,https://raw.githubusercontent.com/datasciencedojo/datasets/master/titanic.csv
162,1,2,female,40,0,0,15.75,S,1,1,https://raw.githubusercontent.com/datasciencedojo/datasets/master/titanic.csv
163,0,3,male,26,0,0,7.775,S,1,1,https://raw.githubusercontent.com/datasciencedojo/datasets/master/titanic.csv
164,0,3,male,17,0,0,8.6625,S,1,1,https://raw.githubusercontent.com/datasciencedojo/datasets/master/titanic.csv
165,0,3,male,1,4,1,39.6875,S,6,0,https://raw.githubusercontent.com/datasciencedojo/datasets/master/titanic.csv
166,1,3,male,9,0,2,20.525,S,3,0,https://raw.githubusercontent.com/datasciencedojo/datasets/master/titanic.csv
167,1,1,female,,0,1,55,S,2,0,https://raw.githubusercontent.com/datasciencedojo/datasets/master/titanic.csv
168,0,3,female,45,1,4,27.9,S,6,0,https://raw.githubusercontent.com/datasciencedojo/datasets/master/titanic.csv
169,0,1,male,,0,0,25.925,S,1,1,https://raw.githubusercontent.com/datasciencedojo/datasets/master/titanic.csv
170,0,3,male,28,0,0,56.4958,S,1,1,https://raw.githubusercontent.com/datasciencedojo/datasets/master/titanic.csv
171,0,1,male,61,0,0,33.5,S,1,1,https://raw.githubusercontent.com/datasciencedojo/datasets/master/titanic.csv
172,0,3,male,4,4,1,29.125,Q,6,0,https://raw.githubusercontent.com/datasciencedojo/datasets/master/titanic.csv
173,1,3,female,1,1,1,11.1333,S,3,0,https://raw.githubusercontent.com/datasciencedojo/datasets/master/titanic.csv
174,0,3,male,21,0,0,7.925,S,1,1,https://raw.githubusercontent.com/datasciencedojo/datasets/master/titanic.csv
175,0,1,male,56,0,0,30.6958,C,1,1,https://raw.githubusercontent.com/datasciencedojo/datasets/master/titanic.csv
176,0,3,male,18,1,1,7.8542,S,3,0,https://raw.githubusercontent.com/datasciencedojo/datasets/master/titanic.csv
177,0,3,male,,3,1,25.4667,S,5,0,https://raw.githubusercontent.com/datasciencedojo/datasets/master/titanic.csv
178,0,1,female,50,0,0,28.7125,C,1,1,https://raw.githubusercontent.com/datasciencedojo/datasets/master/titanic.csv
179,0,2,male,30,0,0,13,S,1,1,https://raw.githubusercontent.com/datasciencedojo/datasets/master/titanic.csv
180,0,3,male,36,0,0,0,S,1,1,https://raw.githubusercontent.com/datasciencedojo/datasets/master/titanic.csv
181,0,3,female,,8,2,69.55,S,11,0,https://raw.githubusercontent.com/datasciencedojo/datasets/master/titanic.csv
182,0,2,male,,0,0,15.05,C,1,1,https://raw.githubusercontent.com/datasciencedojo/datasets/master/titanic.csv
183,0,3,male,9,4,2,31.3875,S,7,0,https://raw.githubusercontent.com/datasciencedojo/datasets/master/titanic.csv
184,1,2,male,1,2,1,39,S,4,0,https://raw.githubusercontent.com/datasciencedojo/datasets/master/titanic.csv
185,1,3,female,4,0,2,22.025,S,3,0,https://raw.githubusercontent.com/datasciencedojo/datasets/master/titanic.csv
186,0,1,male,,0,0,50,S,1,1,https://raw.githubusercontent.com/datasciencedojo/datasets/master/titanic.csv
187,1,3,female,,1,0,15.5,Q,2,0,https://raw.githubusercontent.com/datasciencedojo/datasets/master/titanic.csv
188,1,1,male,45,0,0,26.55,S,1,1,https://raw.githubusercontent.com/datasciencedojo/datasets/master/titanic.csv
189,0,3,male,40,1,1,15.5,Q,3,0,https://raw.githubusercontent.com/datasciencedojo/datasets/master/titanic.csv
190,0,3,male,36,0,0,7.8958,S,1,1,https://raw.githubusercontent.com/datasciencedojo/datasets/master/titanic.csv
191,1,2,female,32,0,0,13,S,1,1,https://raw.githubusercontent.com/datasciencedojo/datasets/master/titanic.csv
192,0,2,male,19,0,0,13,S,1,1,https://raw.githubusercontent.com/datasciencedojo/datasets/master/titanic.csv
193,1,3,female,19,1,0,7.8542,S,2,0,https://raw.githubusercontent.com/datasciencedojo/datasets/master/titanic.csv
194,1,2,male,3,1,1,26,S,3,0,https://raw.githubusercontent.com/datasciencedojo/datasets/master/titanic.csv
195,1,1,female,44,0,0,27.7208,C,1,1,https://raw.githubusercontent.com/datasciencedojo/datasets/master/titanic.csv
196,1,1,female,58,0,0,146.5208,C,1,1,https://raw.githubusercontent.com/datasciencedojo/datasets/master/titanic.csv
197,0,3,male,,0,0,7.75,Q,1,1,https://raw.githubusercontent.com/datasciencedojo/datasets/master/titanic.csv
198,0,3,male,42,0,1,8.4042,S,2,0,https://raw.githubusercontent.com/datasciencedojo/datasets/master/titanic.csv
199,1,3,female,,0,0,7.75,Q,1,1,https://raw.githubusercontent.com/datasciencedojo/datasets/master/titanic.csv
200,0,2,female,24,0,0,13,S,1,1,https://raw.githubusercontent.com/datasciencedojo/datasets/master/titanic.csv
201,0,3,male,28,0,0,9.5,S,1,1,https://raw.githubusercontent.com/datasciencedojo/datasets/master/titanic.csv
202,0,3,male,,8,2,69.55,S,11,0,https://raw.githubusercontent.com/datasciencedojo/datasets/master/titanic.csv
203,0,3,male,34,0,0,6.4958,S,1,1,https://raw.githubusercontent.com/datasciencedojo/datasets/master/titanic.csv
204,0,3,male,45.5,0,0,7.225,C,1,1,https://raw.githubusercontent.com/datasciencedojo/datasets/master/titanic.csv
205,1,3,male,18,0,0,8.05,S,1,1,https://raw.githubusercontent.com/datasciencedojo/datasets/master/titanic.csv
206,0,3,female,2,0,1,10.4625,S,2,0,https://raw.githubusercontent.com/datasciencedojo/datasets/master/titanic.csv
207,0,3,male,32,1,0,15.85,S,2,0,https://raw.githubusercontent.com/datasciencedojo/datasets/master/titanic.csv
208,1,3,male,26,0,0,18.7875,C,1,1,https://raw.githubusercontent.com/datasciencedojo/datasets/master/titanic.csv
209,1,3,female,16,0,0,7.75,Q,1,1,https://raw.githubusercontent.com/datasciencedojo/datasets/master/titanic.csv
210,1,1,male,40,0,0,31,C,1,1,https://raw.githubusercontent.com/datasciencedojo/datasets/master/titanic.csv
211,0,3,male,24,0,0,7.05,S,1,1,https://raw.githubusercontent.com/datasciencedojo/datasets/master/titanic.csv
212,1,2,female,35,0,0,21,S,1,1,https://raw.githubusercontent.com/datasciencedojo/datasets/master/titanic.csv
213,0,3,male,22,0,0,7.25,S,1,1,https://raw.githubusercontent.com/datasciencedojo/datasets/master/titanic.csv
214,0,2,male,30,0,0,13,S,1,1,https://raw.githubusercontent.com/datasciencedojo/datasets/master/titanic.csv
215,0,3,male,,1,0,7.75,Q,2,0,https://raw.githubusercontent.com/datasciencedojo/datasets/master/titanic.csv
216,1,1,female,31,1,0,113.275,C,2,0,https://raw.githubusercontent.com/datasciencedojo/datasets/master/titanic.csv
217,1,3,female,27,0,0,7.925,S,1,1,https://raw.githubusercontent.com/datasciencedojo/datasets/master/titanic.csv
218,0,2,male,42,1,0,27,S,2,0,https://raw.githubusercontent.com/datasciencedojo/datasets/master/titanic.csv
219,1,1,female,32,0,0,76.2917,C,1,1,https://raw.githubusercontent.com/datasciencedojo/datasets/master/titanic.csv
220,0,2,male,30,0,0,10.5,S,1,1,https://raw.githubusercontent.com/datasciencedojo/datasets/master/titanic.csv
221,1,3,male,16,0,0,8.05,S,1,1,https://raw.githubusercontent.com/datasciencedojo/datasets/master/titanic.csv
222,0,2,male,27,0,0,13,S,1,1,https://raw.githubusercontent.com/datasciencedojo/datasets/master/titanic.csv
223,0,3,male,51,0,0,8.05,S,1,1,https://raw.githubusercontent.com/datasciencedojo/datasets/master/titanic.csv
224,0,3,male,,0,0,7.8958,S,1,1,https://raw.githubusercontent.com/datasciencedojo/datasets/master/titanic.csv
225,1,1,male,38,1,0,90,S,2,0,https://raw.githubusercontent.com/datasciencedojo/datasets/master/titanic.csv
226,0,3,male,22,0,0,9.35,S,1,1,https://raw.githubusercontent.com/datasciencedojo/datasets/master/titanic.csv
227,1,2,male,19,0,0,10.5,S,1,1,https://raw.githubusercontent.com/datasciencedojo/datasets/master/titanic.csv
228,0,3,male,20.5,0,0,7.25,S,1,1,https://raw.githubusercontent.com/datasciencedojo/datasets/master/titanic.csv
229,0,2,male,18,0,0,13,S,1,1,https://raw.githubusercontent.com/datasciencedojo/datasets/master/titanic.csv
230,0,3,female,,3,1,25.4667,S,5,0,https://raw.githubusercontent.com/datasciencedojo/datasets/master/titanic.csv
231,1,1,female,35,1,0,83.475,S,2,0,https://raw.githubusercontent.com/datasciencedojo/datasets/master/titanic.csv
232,0,3,male,29,0,0,7.775,S,1,1,https://raw.githubusercontent.com/datasciencedojo/datasets/master/titanic.csv
233,0,2,male,59,0,0,13.5,S,1,1,https://raw.githubusercontent.com/datasciencedojo/datasets/master/titanic.csv
234,1,3,female,5,4,2,31.3875,S,7,0,https://raw.githubusercontent.com/datasciencedojo/datasets/master/titanic.csv
235,0,2,male,24,0,0,10.5,S,1,1,https://raw.githubusercontent.com/datasciencedojo/datasets/master/titanic.csv
236,0,3,female,,0,0,7.55,S,1,1,https://raw.githubusercontent.com/datasciencedojo/datasets/master/titanic.csv
237,0,2,male,44,1,0,26,S,2,0,https://raw.githubusercontent.com/datasciencedojo/datasets/master/titanic.csv
238,1,2,female,8,0,2,26.25,S,3,0,https://raw.githubusercontent.com/datasciencedojo/datasets/master/titanic.csv
239,0,2,male,19,0,0,10.5,S,1,1,https://raw.githubusercontent.com/datasciencedojo/datasets/master/titanic.csv
240,0,2,male,33,0,0,12.275,S,1,1,https://raw.githubusercontent.com/datasciencedojo/datasets/master/titanic.csv
241,0,3,female,,1,0,14.4542,C,2,0,https://raw.githubusercontent.com/datasciencedojo/datasets/master/titanic.csv
242,1,3,female,,1,0,15.5,Q,2,0,https://raw.githubusercontent.com/datasciencedojo/datasets/master/titanic.csv
243,0,2,male,29,0,0,10.5,S,1,1,https://raw.githubusercontent.com/datasciencedojo/datasets/master/titanic.csv
244,0,3,male,22,0,0,7.125,S,1,1,https://raw.githubusercontent.com/datasciencedojo/datasets/master/titanic.csv
245,0,3,male,30,0,0,7.225,C,1,1,https://raw.githubusercontent.com/datasciencedojo/datasets/master/titanic.csv
246,0,1,male,44,2,0,90,Q,3,0,https://raw.githubusercontent.com/datasciencedojo/datasets/master/titanic.csv
247,0,3,female,25,0,0,7.775,S,1,1,https://raw.githubusercontent.com/datasciencedojo/datasets/master/titanic.csv
248,1,2,female,24,0,2,14.5,S,3,0,https://raw.githubusercontent.com/datasciencedojo/datasets/master/titanic.csv
249,1,1,male,37,1,1,52.5542,S,3,0,https://raw.githubusercontent.com/datasciencedojo/datasets/master/titanic.csv
250,0,2,male,54,1,0,26,S,2,0,https://raw.githubusercontent.com/datasciencedojo/datasets/master/titanic.csv
251,0,3,male,,0,0,7.25,S,1,1,https://raw.githubusercontent.com/datasciencedojo/datasets/master/titanic.csv
252,0,3,female,29,1,1,10.4625,S,3,0,https://raw.githubusercontent.com/datasciencedojo/datasets/master/titanic.csv
253,0,1,male,62,0,0,26.55,S,1,1,https://raw.githubusercontent.com/datasciencedojo/datasets/master/titanic.csv
254,0,3,male,30,1,0,16.1,S,2,0,https://raw.githubusercontent.com/datasciencedojo/datasets/master/titanic.csv
255,0,3,female,41,0,2,20.2125,S,3,0,https://raw.githubusercontent.com/datasciencedojo/datasets/master/titanic.csv
256,1,3,female,29,0,2,15.2458,C,3,0,https://raw.githubusercontent.com/datasciencedojo/datasets/master/titanic.csv
257,1,1,female,,0,0,79.2,C,1,1,https://raw.githubusercontent.com/datasciencedojo/datasets/master/titanic.csv
258,1,1,female,30,0,0,86.5,S,1,1,https://raw.githubusercontent.com/datasciencedojo/datasets/master/titanic.csv
259,1,1,female,35,0,0,512.3292,C,1,1,https://raw.githubusercontent.com/datasciencedojo/datasets/master/titanic.csv
260,1,2,female,50,0,1,26,S,2,0,https://raw.githubusercontent.com/datasciencedojo/datasets/master/titanic.csv
261,0,3,male,,0,0,7.75,Q,1,1,https://raw.githubusercontent.com/datasciencedojo/datasets/master/titanic.csv
262,1,3,male,3,4,2,31.3875,S,7,0,https://raw.githubusercontent.com/datasciencedojo/datasets/master/titanic.csv
263,0,1,male,52,1,1,79.65,S,3,0,https://raw.githubusercontent.com/datasciencedojo/datasets/master/titanic.csv
264,0,1,male,40,0,0,0,S,1,1,https://raw.githubusercontent.com/datasciencedojo/datasets/master/titanic.csv
265,0,3,female,,0,0,7.75,Q,1,1,https://raw.githubusercontent.com/datasciencedojo/datasets/master/titanic.csv
266,0,2,male,36,0,0,10.5,S,1,1,https://raw.githubusercontent.com/datasciencedojo/datasets/master/titanic.csv
267,0,3,male,16,4,1,39.6875,S,6,0,https://raw.githubusercontent.com/datasciencedojo/datasets/master/titanic.csv
268,1,3,male,25,1,0,7.775,S,2,0,https://raw.githubusercontent.com/datasciencedojo/datasets/master/titanic.csv
269,1,1,female,58,0,1,153.4625,S,2,0,https://raw.githubusercontent.com/datasciencedojo/datasets/master/titanic.csv
270,1,1,female,35,0,0,135.6333,S,1,1,https://raw.githubusercontent.com/datasciencedojo/datasets/master/titanic.csv
271,0,1,male,,0,0,31,S,1,1,https://raw.githubusercontent.com/datasciencedojo/datasets/master/titanic.csv
272,1,3,male,25,0,0,0,S,1,1,https://raw.githubusercontent.com/datasciencedojo/datasets/master/titanic.csv
273,1,2,female,41,0,1,19.5,S,2,0,https://raw.githubusercontent.com/datasciencedojo/datasets/master/titanic.csv
274,0,1,male,37,0,1,29.7,C,2,0,https://raw.githubusercontent.com/datasciencedojo/datasets/master/titanic.csv
275,1,3,female,,0,0,7.75,Q,1,1,https://raw.githubusercontent.com/datasciencedojo/datasets/master/titanic.csv
276,1,1,female,63,1,0,77.9583,S,2,0,https://raw.githubusercontent.com/datasciencedojo/datasets/master/titanic.csv
277,0,3,female,45,0,0,7.75,S,1,1,https://raw.githubusercontent.com/datasciencedojo/datasets/master/titanic.csv
278,0,2,male,,0,0,0,S,1,1,https://raw.githubusercontent.com/datasciencedojo/datasets/master/titanic.csv
279,0,3,male,7,4,1,29.125,Q,6,0,https://raw.githubusercontent.com/datasciencedojo/datasets/master/titanic.csv
280,1,3,female,35,1,1,20.25,S,3,0,https://raw.githubusercontent.com/datasciencedojo/datasets/master/titanic.csv
281,0,3,male,65,0,0,7.75,Q,1,1,https://raw.githubusercontent.com/datasciencedojo/datasets/master/titanic.csv
282,0,3,male,28,0,0,7.8542,S,1,1,https://raw.githubusercontent.com/datasciencedojo/datasets/master/titanic.csv
283,0,3,male,16,0,0,9.5,S,1,1,https://raw.githubusercontent.com/datasciencedojo/datasets/master/titanic.csv
284,1,3,male,19,0,0,8.05,S,1,1,https://raw.githubusercontent.com/datasciencedojo/datasets/master/titanic.csv
285,0,1,male,,0,0,26,S,1,1,https://raw.githubusercontent.com/datasciencedojo/datasets/master/titanic.csv
286,0,3,male,33,0,0,8.6625,C,1,1,https://raw.githubusercontent.com/datasciencedojo/datasets/master/titanic.csv
287,1,3,male,30,0,0,9.5,S,1,1,https://raw.githubusercontent.com/datasciencedojo/datasets/master/titanic.csv
288,0,3,male,22,0,0,7.8958,S,1,1,https://raw.githubusercontent.com/datasciencedojo/datasets/master/titanic.csv
289,1,2,male,42,0,0,13,S,1,1,https://raw.githubusercontent.com/datasciencedojo/datasets/master/titanic.csv
290,1,3,female,22,0,0,7.75,Q,1,1,https://raw.githubusercontent.com/datasciencedojo/datasets/master/titanic.csv
291,1,1,female,26,0,0,78.85,S,1,1,https://raw.githubusercontent.com/datasciencedojo/datasets/master/titanic.csv
292,1,1,female,19,1,0,91.0792,C,2,0,https://raw.githubusercontent.com/datasciencedojo/datasets/master/titanic.csv
293,0,2,male,36,0,0,12.875,C,1,1,https://raw.githubusercontent.com/datasciencedojo/datasets/master/titanic.csv
294,0,3,female,24,0,0,8.85,S,1,1,https://raw.githubusercontent.com/datasciencedojo/datasets/master/titanic.csv
295,0,3,male,24,0,0,7.8958,S,1,1,https://raw.githubusercontent.com/datasciencedojo/datasets/master/titanic.csv
296,0,1,male,,0,0,27.7208,C,1,1,https://raw.githubusercontent.com/datasciencedojo/datasets/master/titanic.csv
297,0,3,male,23.5,0,0,7.2292,C,1,1,https://raw.githubusercontent.com/datasciencedojo/datasets/master/titanic.csv
298,0,1,female,2,1,2,151.55,S,4,0,https://raw.githubusercontent.com/datasciencedojo/datasets/master/titanic.csv
299,1,1,male,,0,0,30.5,S,1,1,https://raw.githubusercontent.com/datasciencedojo/datasets/master/titanic.csv
300,1,1,female,50,0,1,247.5208,C,2,0,https://raw.githubusercontent.com/datasciencedojo/datasets/master/titanic.csv
301,1,3,female,,0,0,7.75,Q,1,1,https://raw.githubusercontent.com/datasciencedojo/datasets/master/titanic.csv
302,1,3,male,,2,0,23.25,Q,3,0,https://raw.githubusercontent.com/datasciencedojo/datasets/master/titanic.csv
303,0,3,male,19,0,0,0,S,1,1,https://raw.githubusercontent.com/datasciencedojo/datasets/master/titanic.csv
304,1,2,female,,0,0,12.35,Q,1,1,https://raw.githubusercontent.com/datasciencedojo/datasets/master/titanic.csv
305,0,3,male,,0,0,8.05,S,1,1,https://raw.githubusercontent.com/datasciencedojo/datasets/master/titanic.csv
306,1,1,male,0.92,1,2,151.55,S,4,0,https://raw.githubusercontent.com/datasciencedojo/datasets/master/titanic.csv
307,1,1,female,,0,0,110.8833,C,1,1,https://raw.githubusercontent.com/datasciencedojo/datasets/master/titanic.csv
308,1,1,female,17,1,0,108.9,C,2,0,https://raw.githubusercontent.com/datasciencedojo/datasets/master/titanic.csv
309,0,2,male,30,1,0,24,C,2,0,https://raw.githubusercontent.com/datasciencedojo/datasets/master/titanic.csv
310,1,1,female,30,0,0,56.9292,C,1,1,https://raw.githubusercontent.com/datasciencedojo/datasets/master/titanic.csv
311,1,1,female,24,0,0,83.1583,C,1,1,https://raw.githubusercontent.com/datasciencedojo/datasets/master/titanic.csv
312,1,1,female,18,2,2,262.375,C,5,0,https://raw.githubusercontent.com/datasciencedojo/datasets/master/titanic.csv
313,0,2,female,26,1,1,26,S,3,0,https://raw.githubusercontent.com/datasciencedojo/datasets/master/titanic.csv
314,0,3,male,28,0,0,7.8958,S,1,1,https://raw.githubusercontent.com/datasciencedojo/datasets/master/titanic.csv
315,0,2,male,43,1,1,26.25,S,3,0,https://raw.githubusercontent.com/datasciencedojo/datasets/master/titanic.csv
316,1,3,female,26,0,0,7.8542,S,1,1,https://raw.githubusercontent.com/datasciencedojo/datasets/master/titanic.csv
317,1,2,female,24,1,0,26,S,2,0,https://raw.githubusercontent.com/datasciencedojo/datasets/master/titanic.csv
318,0,2,male,54,0,0,14,S,1,1,https://raw.githubusercontent.com/datasciencedojo/datasets/master/titanic.csv
319,1,1,female,31,0,2,164.8667,S,3,0,https://raw.githubusercontent.com/datasciencedojo/datasets/master/titanic.csv
320,1,1,female,40,1,1,134.5,C,3,0,https://raw.githubusercontent.com/datasciencedojo/datasets/master/titanic.csv
321,0,3,male,22,0,0,7.25,S,1,1,https://raw.githubusercontent.com/datasciencedojo/datasets/master/titanic.csv
322,0,3,male,27,0,0,7.8958,S,1,1,https://raw.githubusercontent.com/datasciencedojo/datasets/master/titanic.csv
323,1,2,female,30,0,0,12.35,Q,1,1,https://raw.githubusercontent.com/datasciencedojo/datasets/master/titanic.csv
324,1,2,female,22,1,1,29,S,3,0,https://raw.githubusercontent.com/datasciencedojo/datasets/master/titanic.csv
325,0,3,male,,8,2,69.55,S,11,0,https://raw.githubusercontent.com/datasciencedojo/datasets/master/titanic.csv
326,1,1,female,36,0,0,135.6333,C,1,1,https://raw.githubusercontent.com/datasciencedojo/datasets/master/titanic.csv
327,0,3,male,61,0,0,6.2375,S,1,1,https://raw.githubusercontent.com/datasciencedojo/datasets/master/titanic.csv
328,1,2,female,36,0,0,13,S,1,1,https://raw.githubusercontent.com/datasciencedojo/datasets/master/titanic.csv
329,1,3,female,31,1,1,20.525,S,3,0,https://raw.githubusercontent.com/datasciencedojo/datasets/master/titanic.csv
330,1,1,female,16,0,1,57.9792,C,2,0,https://raw.githubusercontent.com/datasciencedojo/datasets/master/titanic.csv
331,1,3,female,,2,0,23.25,Q,3,0,https://raw.githubusercontent.com/datasciencedojo/datasets/master/titanic.csv
332,0,1,male,45.5,0,0,28.5,S,1,1,https://raw.githubusercontent.com/datasciencedojo/datasets/master/titanic.csv
333,0,1,male,38,0,1,153.4625,S,2,0,https://raw.githubusercontent.com/datasciencedojo/datasets/master/titanic.csv
334,0,3,male,16,2,0,18,S,3,0,https://raw.githubusercontent.com/datasciencedojo/datasets/master/titanic.csv
335,1,1,female,,1,0,133.65,S,2,0,https://raw.githubusercontent.com/datasciencedojo/datasets/master/titanic.csv
336,0,3,male,,0,0,7.8958,S,1,1,https://raw.githubusercontent.com/datasciencedojo/datasets/master/titanic.csv
337,0,1,male,29,1,0,66.6,S,2,0,https://raw.githubusercontent.com/datasciencedojo/datasets/master/titanic.csv
338,1,1,female,41,0,0,134.5,C,1,1,https://raw.githubusercontent.com/datasciencedojo/datasets/master/titanic.csv
339,1,3,male,45,0,0,8.05,S,1,1,https://raw.githubusercontent.com/datasciencedojo/datasets/master/titanic.csv
340,0,1,male,45,0,0,35.5,S,1,1,https://raw.githubusercontent.com/datasciencedojo/datasets/master/titanic.csv
341,1,2,male,2,1,1,26,S,3,0,https://raw.githubusercontent.com/datasciencedojo/datasets/master/titanic.csv
342,1,1,female,24,3,2,263,S,6,0,https://raw.githubusercontent.com/datasciencedojo/datasets/master/titanic.csv
343,0,2,male,28,0,0,13,S,1,1,https://raw.githubusercontent.com/datasciencedojo/datasets/master/titanic.csv
344,0,2,male,25,0,0,13,S,1,1,https://raw.githubusercontent.com/datasciencedojo/datasets/master/titanic.csv
345,0,2,male,36,0,0,13,S,1,1,https://raw.githubusercontent.com/datasciencedojo/datasets/master/titanic.csv
346,1,2,female,24,0,0,13,S,1,1,https://raw.githubusercontent.com/datasciencedojo/datasets/master/titanic.csv
347,1,2,female,40,0,0,13,S,1,1,https://raw.githubusercontent.com/datasciencedojo/datasets/master/titanic.csv
348,1,3,female,,1,0,16.1,S,2,0,https://raw.githubusercontent.com/datasciencedojo/datasets/master/titanic.csv
349,1,3,male,3,1,1,15.9,S,3,0,https://raw.githubusercontent.com/datasciencedojo/datasets/master/titanic.csv
350,0,3,male,42,0,0,8.6625,S,1,1,https://raw.githubusercontent.com/datasciencedojo/datasets/master/titanic.csv
351,0,3,male,23,0,0,9.225,S,1,1,https://raw.githubusercontent.com/datasciencedojo/datasets/master/titanic.csv
352,0,1,male,,0,0,35,S,1,1,https://raw.githubusercontent.com/datasciencedojo/datasets/master/titanic.csv
353,0,3,male,15,1,1,7.2292,C,3,0,https://raw.githubusercontent.com/datasciencedojo/datasets/master/titanic.csv
354,0,3,male,25,1,0,17.8,S,2,0,https://raw.githubusercontent.com/datasciencedojo/datasets/master/titanic.csv
355,0,3,male,,0,0,7.225,C,1,1,https://raw.githubusercontent.com/datasciencedojo/datasets/master/titanic.csv
356,0,3,male,28,0,0,9.5,S,1,1,https://raw.githubusercontent.com/datasciencedojo/datasets/master/titanic.csv
357,1,1,female,22,0,1,55,S,2,0,https://raw.githubusercontent.com/datasciencedojo/datasets/master/titanic.csv
358,0,2,female,38,0,0,13,S,1,1,https://raw.githubusercontent.com/datasciencedojo/datasets/master/titanic.csv
359,1,3,female,,0,0,7.8792,Q,1,1,https://raw.githubusercontent.com/datasciencedojo/datasets/master/titanic.csv
360,1,3,female,,0,0,7.8792,Q,1,1,https://raw.githubusercontent.com/datasciencedojo/datasets/master/titanic.csv
361,0,3,male,40,1,4,27.9,S,6,0,https://raw.githubusercontent.com/datasciencedojo/datasets/master/titanic.csv
362,0,2,male,29,1,0,27.7208,C,2,0,https://raw.githubusercontent.com/datasciencedojo/datasets/master/titanic.csv
363,0,3,female,45,0,1,14.4542,C,2,0,https://raw.githubusercontent.com/datasciencedojo/datasets/master/titanic.csv
364,0,3,male,35,0,0,7.05,S,1,1,https://raw.githubusercontent.com/datasciencedojo/datasets/master/titanic.csv
365,0,3,male,,1,0,15.5,Q,2,0,https://raw.githubusercontent.com/datasciencedojo/datasets/master/titanic.csv
366,0,3,male,30,0,0,7.25,S,1,1,https://raw.githubusercontent.com/datasciencedojo/datasets/master/titanic.csv
367,1,1,female,60,1,0,75.25,C,2,0,https://raw.githubusercontent.com/datasciencedojo/datasets/master/titanic.csv
368,1,3,female,,0,0,7.2292,C,1,1,https://raw.githubusercontent.com/datasciencedojo/datasets/master/titanic.csv
369,1,3,female,,0,0,7.75,Q,1,1,https://raw.githubusercontent.com/datasciencedojo/datasets/master/titanic.csv
370,1,1,female,24,0,0,69.3,C,1,1,https://raw.githubusercontent.com/datasciencedojo/datasets/master/titanic.csv
371,1,1,male,25,1,0,55.4417,C,2,0,https://raw.githubusercontent.com/datasciencedojo/datasets/master/titanic.csv
372,0,3,male,18,1,0,6.4958,S,2,0,https://raw.githubusercontent.com/datasciencedojo/datasets/master/titanic.csv
373,0,3,male,19,0,0,8.05,S,1,1,https://raw.githubusercontent.com/datasciencedojo/datasets/master/titanic.csv
374,0,1,male,22,0,0,135.6333,C,1,1,https://raw.githubusercontent.com/datasciencedojo/datasets/master/titanic.csv
375,0,3,female,3,3,1,21.075,S,5,0,https://raw.githubusercontent.com/datasciencedojo/datasets/master/titanic.csv
376,1,1,female,,1,0,82.1708,C,2,0,https://raw.githubusercontent.com/datasciencedojo/datasets/master/titanic.csv
377,1,3,female,22,0,0,7.25,S,1,1,https://raw.githubusercontent.com/datasciencedojo/datasets/master/titanic.csv
378,0,1,male,27,0,2,211.5,C,3,0,https://raw.githubusercontent.com/datasciencedojo/datasets/master/titanic.csv
379,0,3,male,20,0,0,4.0125,C,1,1,https://raw.githubusercontent.com/datasciencedojo/datasets/master/titanic.csv
380,0,3,male,19,0,0,7.775,S,1,1,https://raw.githubusercontent.com/datasciencedojo/datasets/master/titanic.csv
381,1,1,female,42,0,0,227.525,C,1,1,https://raw.githubusercontent.com/datasciencedojo/datasets/master/titanic.csv
382,1,3,female,1,0,2,15.7417,C,3,0,https://raw.githubusercontent.com/datasciencedojo/datasets/master/titanic.csv
383,0,3,male,32,0,0,7.925,S,1,1,https://raw.githubusercontent.com/datasciencedojo/datasets/master/titanic.csv
384,1,1,female,35,1,0,52,S,2,0,https://raw.githubusercontent.com/datasciencedojo/datasets/master/titanic.csv
385,0,3,male,,0,0,7.8958,S,1,1,https://raw.githubusercontent.com/datasciencedojo/datasets/master/titanic.csv
386,0,2,male,18,0,0,73.5,S,1,1,https://raw.githubusercontent.com/datasciencedojo/datasets/master/titanic.csv
387,0,3,male,1,5,2,46.9,S,8,0,https://raw.githubusercontent.com/datasciencedojo/datasets/master/titanic.csv
388,1,2,female,36,0,0,13,S,1,1,https://raw.githubusercontent.com/datasciencedojo/datasets/master/titanic.csv
389,0,3,male,,0,0,7.7292,Q,1,1,https://raw.githubusercontent.com/datasciencedojo/datasets/master/titanic.csv
390,1,2,female,17,0,0,12,C,1,1,https://raw.githubusercontent.com/datasciencedojo/datasets/master/titanic.csv
391,1,1,male,36,1,2,120,S,4,0,https://raw.githubusercontent.com/datasciencedojo/datasets/master/titanic.csv
392,1,3,male,21,0,0,7.7958,S,1,1,https://raw.githubusercontent.com/datasciencedojo/datasets/master/titanic.csv
393,0,3,male,28,2,0,7.925,S,3,0,https://raw.githubusercontent.com/datasciencedojo/datasets/master/titanic.csv
394,1,1,female,23,1,0,113.275,C,2,0,https://raw.githubusercontent.com/datasciencedojo/datasets/master/titanic.csv
395,1,3,female,24,0,2,16.7,S,3,0,https://raw.githubusercontent.com/datasciencedojo/datasets/master/titanic.csv
396,0,3,male,22,0,0,7.7958,S,1,1,https://raw.githubusercontent.com/datasciencedojo/datasets/master/titanic.csv
397,0,3,female,31,0,0,7.8542,S,1,1,https://raw.githubusercontent.com/datasciencedojo/datasets/master/titanic.csv
398,0,2,male,46,0,0,26,S,1,1,https://raw.githubusercontent.com/datasciencedojo/datasets/master/titanic.csv
399,0,2,male,23,0,0,10.5,S,1,1,https://raw.githubusercontent.com/datasciencedojo/datasets/master/titanic.csv
400,1,2,female,28,0,0,12.65,S,1,1,https://raw.githubusercontent.com/datasciencedojo/datasets/master/titanic.csv
401,1,3,male,39,0,0,7.925,S,1,1,https://raw.githubusercontent.com/datasciencedojo/datasets/master/titanic.csv
402,0,3,male,26,0,0,8.05,S,1,1,https://raw.githubusercontent.com/datasciencedojo/datasets/master/titanic.csv
403,0,3,female,21,1,0,9.825,S,2,0,https://raw.githubusercontent.com/datasciencedojo/datasets/master/titanic.csv
404,0,3,male,28,1,0,15.85,S,2,0,https://raw.githubusercontent.com/datasciencedojo/datasets/master/titanic.csv
405,0,3,female,20,0,0,8.6625,S,1,1,https://raw.githubusercontent.com/datasciencedojo/datasets/master/titanic.csv
406,0,2,male,34,1,0,21,S,2,0,https://raw.githubusercontent.com/datasciencedojo/datasets/master/titanic.csv
407,0,3,male,51,0,0,7.75,S,1,1,https://raw.githubusercontent.com/datasciencedojo/datasets/master/titanic.csv
408,1,2,male,3,1,1,18.75,S,3,0,https://raw.githubusercontent.com/datasciencedojo/datasets/master/titanic.csv
409,0,3,male,21,0,0,7.775,S,1,1,https://raw.githubusercontent.com/datasciencedojo/datasets/master/titanic.csv
410,0,3,female,,3,1,25.4667,S,5,0,https://raw.githubusercontent.com/datasciencedojo/datasets/master/titanic.csv
411,0,3,male,,0,0,7.8958,S,1,1,https://raw.githubusercontent.com/datasciencedojo/datasets/master/titanic.csv
412,0,3,male,,0,0,6.8583,Q,1,1,https://raw.githubusercontent.com/datasciencedojo/datasets/master/titanic.csv
413,1,1,female,33,1,0,90,Q,2,0,https://raw.githubusercontent.com/datasciencedojo/datasets/master/titanic.csv
414,0,2,male,,0,0,0,S,1,1,https://raw.githubusercontent.com/datasciencedojo/datasets/master/titanic.csv
415,1,3,male,44,0,0,7.925,S,1,1,https://raw.githubusercontent.com/datasciencedojo/datasets/master/titanic.csv
416,0,3,female,,0,0,8.05,S,1,1,https://raw.githubusercontent.com/datasciencedojo/datasets/master/titanic.csv
417,1,2,female,34,1,1,32.5,S,3,0,https://raw.githubusercontent.com/datasciencedojo/datasets/master/titanic.csv
418,1,2,female,18,0,2,13,S,3,0,https://raw.githubusercontent.com/datasciencedojo/datasets/master/titanic.csv
419,0,2,male,30,0,0,13,S,1,1,https://raw.githubusercontent.com/datasciencedojo/datasets/master/titanic.csv
420,0,3,female,10,0,2,24.15,S,3,0,https://raw.githubusercontent.com/datasciencedojo/datasets/master/titanic.csv
421,0,3,male,,0,0,7.8958,C,1,1,https://raw.githubusercontent.com/datasciencedojo/datasets/master/titanic.csv
422,0,3,male,21,0,0,7.7333,Q,1,1,https://raw.githubusercontent.com/datasciencedojo/datasets/master/titanic.csv
423,0,3,male,29,0,0,7.875,S,1,1,https://raw.githubusercontent.com/datasciencedojo/datasets/master/titanic.csv
424,0,3,female,28,1,1,14.4,S,3,0,https://raw.githubusercontent.com/datasciencedojo/datasets/master/titanic.csv
425,0,3,male,18,1,1,20.2125,S,3,0,https://raw.githubusercontent.com/datasciencedojo/datasets/master/titanic.csv
426,0,3,male,,0,0,7.25,S,1,1,https://raw.githubusercontent.com/datasciencedojo/datasets/master/titanic.csv
427,1,2,female,28,1,0,26,S,2,0,https://raw.githubusercontent.com/datasciencedojo/datasets/master/titanic.csv
428,1,2,female,19,0,0,26,S,1,1,https://raw.githubusercontent.com/datasciencedojo/datasets/master/titanic.csv
429,0,3,male,,0,0,7.75,Q,1,1,https://raw.githubusercontent.com/datasciencedojo/datasets/master/titanic.csv
430,1,3,male,32,0,0,8.05,S,1,1,https://raw.githubusercontent.com/datasciencedojo/datasets/master/titanic.csv
431,1,1,male,28,0,0,26.55,S,1,1,https://raw.githubusercontent.com/datasciencedojo/datasets/master/titanic.csv
432,1,3,female,,1,0,16.1,S,2,0,https://raw.githubusercontent.com/datasciencedojo/datasets/master/titanic.csv
433,1,2,female,42,1,0,26,S,2,0,https://raw.githubusercontent.com/datasciencedojo/datasets/master/titanic.csv
434,0,3,male,17,0,0,7.125,S,1,1,https://raw.githubusercontent.com/datasciencedojo/datasets/master/titanic.csv
435,0,1,male,50,1,0,55.9,S,2,0,https://raw.githubusercontent.com/datasciencedojo/datasets/master/titanic.csv
436,1,1,female,14,1,2,120,S,4,0,https://raw.githubusercontent.com/datasciencedojo/datasets/master/titanic.csv
437,0,3,female,21,2,2,34.375,S,5,0,https://raw.githubusercontent.com/datasciencedojo/datasets/master/titanic.csv
438,1,2,female,24,2,3,18.75,S,6,0,https://raw.githubusercontent.com/datasciencedojo/datasets/master/titanic.csv
439,0,1,male,64,1,4,263,S,6,0,https://raw.githubusercontent.com/datasciencedojo/datasets/master/titanic.csv
440,0,2,male,31,0,0,10.5,S,1,1,https://raw.githubusercontent.com/datasciencedojo/datasets/master/titanic.csv
441,1,2,female,45,1,1,26.25,S,3,0,https://raw.githubusercontent.com/datasciencedojo/datasets/master/titanic.csv
442,0,3,male,20,0,0,9.5,S,1,1,https://raw.githubusercontent.com/datasciencedojo/datasets/master/titanic.csv
443,0,3,male,25,1,0,7.775,S,2,0,https://raw.githubusercontent.com/datasciencedojo/datasets/master/titanic.csv
444,1,2,female,28,0,0,13,S,1,1,https://raw.githubusercontent.com/datasciencedojo/datasets/master/titanic.csv
445,1,3,male,,0,0,8.1125,S,1,1,https://raw.githubusercontent.com/datasciencedojo/datasets/master/titanic.csv
446,1,1,male,4,0,2,81.8583,S,3,0,https://raw.githubusercontent.com/datasciencedojo/datasets/master/titanic.csv
447,1,2,female,13,0,1,19.5,S,2,0,https://raw.githubusercontent.com/datasciencedojo/datasets/master/titanic.csv
448,1,1,male,34,0,0,26.55,S,1,1,https://raw.githubusercontent.com/datasciencedojo/datasets/master/titanic.csv
449,1,3,female,5,2,1,19.2583,C,4,0,https://raw.githubusercontent.com/datasciencedojo/datasets/master/titanic.csv
450,1,1,male,52,0,0,30.5,S,1,1,https://raw.githubusercontent.com/datasciencedojo/datasets/master/titanic.csv
451,0,2,male,36,1,2,27.75,S,4,0,https://raw.githubusercontent.com/datasciencedojo/datasets/master/titanic.csv
452,0,3,male,,1,0,19.9667,S,2,0,https://raw.githubusercontent.com/datasciencedojo/datasets/master/titanic.csv
453,0,1,male,30,0,0,27.75,C,1,1,https://raw.githubusercontent.com/datasciencedojo/datasets/master/titanic.csv
454,1,1,male,49,1,0,89.1042,C,2,0,https://raw.githubusercontent.com/datasciencedojo/datasets/master/titanic.csv
455,0,3,male,,0,0,8.05,S,1,1,https://raw.githubusercontent.com/datasciencedojo/datasets/master/titanic.csv
456,1,3,male,29,0,0,7.8958,C,1,1,https://raw.githubusercontent.com/datasciencedojo/datasets/master/titanic.csv
457,0,1,male,65,0,0,26.55,S,1,1,https://raw.githubusercontent.com/datasciencedojo/datasets/master/titanic.csv
458,1,1,female,,1,0,51.8625,S,2,0,https://raw.githubusercontent.com/datasciencedojo/datasets/master/titanic.csv
459,1,2,female,50,0,0,10.5,S,1,1,https://raw.githubusercontent.com/datasciencedojo/datasets/master/titanic.csv
460,0,3,male,,0,0,7.75,Q,1,1,https://raw.githubusercontent.com/datasciencedojo/datasets/master/titanic.csv
461,1,1,male,48,0,0,26.55,S,1,1,https://raw.githubusercontent.com/datasciencedojo/datasets/master/titanic.csv
462,0,3,male,34,0,0,8.05,S,1,1,https://raw.githubusercontent.com/datasciencedojo/datasets/master/titanic.csv
463,0,1,male,47,0,0,38.5,S,1,1,https://raw.githubusercontent.com/datasciencedojo/datasets/master/titanic.csv
464,0,2,male,48,0,0,13,S,1,1,https://raw.githubusercontent.com/datasciencedojo/datasets/master/titanic.csv
465,0,3,male,,0,0,8.05,S,1,1,https://raw.githubusercontent.com/datasciencedojo/datasets/master/titanic.csv
466,0,3,male,38,0,0,7.05,S,1,1,https://raw.githubusercontent.com/datasciencedojo/datasets/master/titanic.csv
467,0,2,male,,0,0,0,S,1,1,https://raw.githubusercontent.com/datasciencedojo/datasets/master/titanic.csv
468,0,1,male,56,0,0,26.55,S,1,1,https://raw.githubusercontent.com/datasciencedojo/datasets/master/titanic.csv
469,0,3,male,,0,0,7.725,Q,1,1,https://raw.githubusercontent.com/datasciencedojo/datasets/master/titanic.csv
470,1,3,female,0.75,2,1,19.2583,C,4,0,https://raw.githubusercontent.com/datasciencedojo/datasets/master/titanic.csv
471,0,3,male,,0,0,7.25,S,1,1,https://raw.githubusercontent.com/datasciencedojo/datasets/master/titanic.csv
472,0,3,male,38,0,0,8.6625,S,1,1,https://raw.githubusercontent.com/datasciencedojo/datasets/master/titanic.csv
473,1,2,female,33,1,2,27.75,S,4,0,https://raw.githubusercontent.com/datasciencedojo/datasets/master/titanic.csv
474,1,2,female,23,0,0,13.7917,C,1,1,https://raw.githubusercontent.com/datasciencedojo/datasets/master/titanic.csv
475,0,3,female,22,0,0,9.8375,S,1,1,https://raw.githubusercontent.com/datasciencedojo/datasets/master/titanic.csv
476,0,1,male,,0,0,52,S,1,1,https://raw.githubusercontent.com/datasciencedojo/datasets/master/titanic.csv
477,0,2,male,34,1,0,21,S,2,0,https://raw.githubusercontent.com/datasciencedojo/datasets/master/titanic.csv
478,0,3,male,29,1,0,7.0458,S,2,0,https://raw.githubusercontent.com/datasciencedojo/datasets/master/titanic.csv
479,0,3,male,22,0,0,7.5208,S,1,1,https://raw.githubusercontent.com/datasciencedojo/datasets/master/titanic.csv
480,1,3,female,2,0,1,12.2875,S,2,0,https://raw.githubusercontent.com/datasciencedojo/datasets/master/titanic.csv
481,0,3,male,9,5,2,46.9,S,8,0,https://raw.githubusercontent.com/datasciencedojo/datasets/master/titanic.csv
482,0,2,male,,0,0,0,S,1,1,https://raw.githubusercontent.com/datasciencedojo/datasets/master/titanic.csv
483,0,3,male,50,0,0,8.05,S,1,1,https://raw.githubusercontent.com/datasciencedojo/datasets/master/titanic.csv
484,1,3,female,63,0,0,9.5875,S,1,1,https://raw.githubusercontent.com/datasciencedojo/datasets/master/titanic.csv
485,1,1,male,25,1,0,91.0792,C,2,0,https://raw.githubusercontent.com/datasciencedojo/datasets/master/titanic.csv
486,0,3,female,,3,1,25.4667,S,5,0,https://raw.githubusercontent.com/datasciencedojo/datasets/master/titanic.csv
487,1,1,female,35,1,0,90,S,2,0,https://raw.githubusercontent.com/datasciencedojo/datasets/master/titanic.csv
488,0,1,male,58,0,0,29.7,C,1,1,https://raw.githubusercontent.com/datasciencedojo/datasets/master/titanic.csv
489,0,3,male,30,0,0,8.05,S,1,1,https://raw.githubusercontent.com/datasciencedojo/datasets/master/titanic.csv
490,1,3,male,9,1,1,15.9,S,3,0,https://raw.githubusercontent.com/datasciencedojo/datasets/master/titanic.csv
491,0,3,male,,1,0,19.9667,S,2,0,https://raw.githubusercontent.com/datasciencedojo/datasets/master/titanic.csv
492,0,3,male,21,0,0,7.25,S,1,1,https://raw.githubusercontent.com/datasciencedojo/datasets/master/titanic.csv
493,0,1,male,55,0,0,30.5,S,1,1,https://raw.githubusercontent.com/datasciencedojo/datasets/master/titanic.csv
494,0,1,male,71,0,0,49.5042,C,1,1,https://raw.githubusercontent.com/datasciencedojo/datasets/master/titanic.csv
495,0,3,male,21,0,0,8.05,S,1,1,https://raw.githubusercontent.com/datasciencedojo/datasets/master/titanic.csv
496,0,3,male,,0,0,14.4583,C,1,1,https://raw.githubusercontent.com/datasciencedojo/datasets/master/titanic.csv
497,1,1,female,54,1,0,78.2667,C,2,0,https://raw.githubusercontent.com/datasciencedojo/datasets/master/titanic.csv
498,0,3,male,,0,0,15.1,S,1,1,https://raw.githubusercontent.com/datasciencedojo/datasets/master/titanic.csv
499,0,1,female,25,1,2,151.55,S,4,0,https://raw.githubusercontent.com/datasciencedojo/datasets/master/titanic.csv
500,0,3,male,24,0,0,7.7958,S,1,1,https://raw.githubusercontent.com/datasciencedojo/datasets/master/titanic.csv
501,0,3,male,17,0,0,8.6625,S,1,1,https://raw.githubusercontent.com/datasciencedojo/datasets/master/titanic.csv
502,0,3,female,21,0,0,7.75,Q,1,1,https://raw.githubusercontent.com/datasciencedojo/datasets/master/titanic.csv
503,0,3,female,,0,0,7.6292,Q,1,1,https://raw.githubusercontent.com/datasciencedojo/datasets/master/titanic.csv
504,0,3,female,37,0,0,9.5875,S,1,1,https://raw.githubusercontent.com/datasciencedojo/datasets/master/titanic.csv
505,1,1,female,16,0,0,86.5,S,1,1,https://raw.githubusercontent.com/datasciencedojo/datasets/master/titanic.csv
506,0,1,male,18,1,0,108.9,C,2,0,https://raw.githubusercontent.com/datasciencedojo/datasets/master/titanic.csv
507,1,2,female,33,0,2,26,S,3,0,https://raw.githubusercontent.com/datasciencedojo/datasets/master/titanic.csv
508,1,1,male,,0,0,26.55,S,1,1,https://raw.githubusercontent.com/datasciencedojo/datasets/master/titanic.csv
509,0,3,male,28,0,0,22.525,S,1,1,https://raw.githubusercontent.com/datasciencedojo/datasets/master/titanic.csv
510,1,3,male,26,0,0,56.4958,S,1,1,https://raw.githubusercontent.com/datasciencedojo/datasets/master/titanic.csv
511,1,3,male,29,0,0,7.75,Q,1,1,https://raw.githubusercontent.com/datasciencedojo/datasets/master/titanic.csv
512,0,3,male,,0,0,8.05,S,1,1,https://raw.githubusercontent.com/datasciencedojo/datasets/master/titanic.csv
513,1,1,male,36,0,0,26.2875,S,1,1,https://raw.githubusercontent.com/datasciencedojo/datasets/master/titanic.csv
514,1,1,female,54,1,0,59.4,C,2,0,https://raw.githubusercontent.com/datasciencedojo/datasets/master/titanic.csv
515,0,3,male,24,0,0,7.4958,S,1,1,https://raw.githubusercontent.com/datasciencedojo/datasets/master/titanic.csv
516,0,1,male,47,0,0,34.0208,S,1,1,https://raw.githubusercontent.com/datasciencedojo/datasets/master/titanic.csv
517,1,2,female,34,0,0,10.5,S,1,1,https://raw.githubusercontent.com/datasciencedojo/datasets/master/titanic.csv
518,0,3,male,,0,0,24.15,Q,1,1,https://raw.githubusercontent.com/datasciencedojo/datasets/master/titanic.csv
519,1,2,female,36,1,0,26,S,2,0,https://raw.githubusercontent.com/datasciencedojo/datasets/master/titanic.csv
520,0,3,male,32,0,0,7.8958,S,1,1,https://raw.githubusercontent.com/datasciencedojo/datasets/master/titanic.csv
521,1,1,female,30,0,0,93.5,S,1,1,https://raw.githubusercontent.com/datasciencedojo/datasets/master/titanic.csv
522,0,3,male,22,0,0,7.8958,S,1,1,https://raw.githubusercontent.com/datasciencedojo/datasets/master/titanic.csv
523,0,3,male,,0,0,7.225,C,1,1,https://raw.githubusercontent.com/datasciencedojo/datasets/master/titanic.csv
524,1,1,female,44,0,1,57.9792,C,2,0,https://raw.githubusercontent.com/datasciencedojo/datasets/master/titanic.csv
525,0,3,male,,0,0,7.2292,C,1,1,https://raw.githubusercontent.com/datasciencedojo/datasets/master/titanic.csv
526,0,3,male,40.5,0,0,7.75,Q,1,1,https://raw.githubusercontent.com/datasciencedojo/datasets/master/titanic.csv
527,1,2,female,50,0,0,10.5,S,1,1,https://raw.githubusercontent.com/datasciencedojo/datasets/master/titanic.csv
528,0,1,male,,0,0,221.7792,S,1,1,https://raw.githubusercontent.com/datasciencedojo/datasets/master/titanic.csv
529,0,3,male,39,0,0,7.925,S,1,1,https://raw.githubusercontent.com/datasciencedojo/datasets/master/titanic.csv
530,0,2,male,23,2,1,11.5,S,4,0,https://raw.githubusercontent.com/datasciencedojo/datasets/master/titanic.csv
531,1,2,female,2,1,1,26,S,3,0,https://raw.githubusercontent.com/datasciencedojo/datasets/master/titanic.csv
532,0,3,male,,0,0,7.2292,C,1,1,https://raw.githubusercontent.com/datasciencedojo/datasets/master/titanic.csv
533,0,3,male,17,1,1,7.2292,C,3,0,https://raw.githubusercontent.com/datasciencedojo/datasets/master/titanic.csv
534,1,3,female,,0,2,22.3583,C,3,0,https://raw.githubusercontent.com/datasciencedojo/datasets/master/titanic.csv
535,0,3,female,30,0,0,8.6625,S,1,1,https://raw.githubusercontent.com/datasciencedojo/datasets/master/titanic.csv
536,1,2,female,7,0,2,26.25,S,3,0,https://raw.githubusercontent.com/datasciencedojo/datasets/master/titanic.csv
537,0,1,male,45,0,0,26.55,S,1,1,https://raw.githubusercontent.com/datasciencedojo/datasets/master/titanic.csv
538,1,1,female,30,0,0,106.425,C,1,1,https://raw.githubusercontent.com/datasciencedojo/datasets/master/titanic.csv
539,0,3,male,,0,0,14.5,S,1,1,https://raw.githubusercontent.com/datasciencedojo/datasets/master/titanic.csv
540,1,1,female,22,0,2,49.5,C,3,0,https://raw.githubusercontent.com/datasciencedojo/datasets/master/titanic.csv
541,1,1,female,36,0,2,71,S,3,0,https://raw.githubusercontent.com/datasciencedojo/datasets/master/titanic.csv
542,0,3,female,9,4,2,31.275,S,7,0,https://raw.githubusercontent.com/datasciencedojo/datasets/master/titanic.csv
543,0,3,female,11,4,2,31.275,S,7,0,https://raw.githubusercontent.com/datasciencedojo/datasets/master/titanic.csv
544,1,2,male,32,1,0,26,S,2,0,https://raw.githubusercontent.com/datasciencedojo/datasets/master/titanic.csv
545,0,1,male,50,1,0,106.425,C,2,0,https://raw.githubusercontent.com/datasciencedojo/datasets/master/titanic.csv
546,0,1,male,64,0,0,26,S,1,1,https://raw.githubusercontent.com/datasciencedojo/datasets/master/titanic.csv
547,1,2,female,19,1,0,26,S,2,0,https://raw.githubusercontent.com/datasciencedojo/datasets/master/titanic.csv
548,1,2,male,,0,0,13.8625,C,1,1,https://raw.githubusercontent.com/datasciencedojo/datasets/master/titanic.csv
549,0,3,male,33,1,1,20.525,S,3,0,https://raw.githubusercontent.com/datasciencedojo/datasets/master/titanic.csv
550,1,2,male,8,1,1,36.75,S,3,0,https://raw.githubusercontent.com/datasciencedojo/datasets/master/titanic.csv
551,1,1,male,17,0,2,110.8833,C,3,0,https://raw.githubusercontent.com/datasciencedojo/datasets/master/titanic.csv
552,0,2,male,27,0,0,26,S,1,1,https://raw.githubusercontent.com/datasciencedojo/datasets/master/titanic.csv
553,0,3,male,,0,0,7.8292,Q,1,1,https://raw.githubusercontent.com/datasciencedojo/datasets/master/titanic.csv
554,1,3,male,22,0,0,7.225,C,1,1,https://raw.githubusercontent.com/datasciencedojo/datasets/master/titanic.csv
555,1,3,female,22,0,0,7.775,S,1,1,https://raw.githubusercontent.com/datasciencedojo/datasets/master/titanic.csv
556,0,1,male,62,0,0,26.55,S,1,1,https://raw.githubusercontent.com/datasciencedojo/datasets/master/titanic.csv
557,1,1,female,48,1,0,39.6,C,2,0,https://raw.githubusercontent.com/datasciencedojo/datasets/master/titanic.csv
558,0,1,male,,0,0,227.525,C,1,1,https://raw.githubusercontent.com/datasciencedojo/datasets/master/titanic.csv
559,1,1,female,39,1,1,79.65,S,3,0,https://raw.githubusercontent.com/datasciencedojo/datasets/master/titanic.csv
560,1,3,female,36,1,0,17.4,S,2,0,https://raw.githubusercontent.com/datasciencedojo/datasets/master/titanic.csv
561,0,3,male,,0,0,7.75,Q,1,1,https://raw.githubusercontent.com/datasciencedojo/datasets/master/titanic.csv
562,0,3,male,40,0,0,7.8958,S,1,1,https://raw.githubusercontent.com/datasciencedojo/datasets/master/titanic.csv
563,0,2,male,28,0,0,13.5,S,1,1,https://raw.githubusercontent.com/datasciencedojo/datasets/master/titanic.csv
564,0,3,male,,0,0,8.05,S,1,1,https://raw.githubusercontent.com/datasciencedojo/datasets/master/titanic.csv
565,0,3,female,,0,0,8.05,S,1,1,https://raw.githubusercontent.com/datasciencedojo/datasets/master/titanic.csv
566,0,3,male,24,2,0,24.15,S,3,0,https://raw.githubusercontent.com/datasciencedojo/datasets/master/titanic.csv
567,0,3,male,19,0,0,7.8958,S,1,1,https://raw.githubusercontent.com/datasciencedojo/datasets/master/titanic.csv
568,0,3,female,29,0,4,21.075,S,5,0,https://raw.githubusercontent.com/datasciencedojo/datasets/master/titanic.csv
569,0,3,male,,0,0,7.2292,C,1,1,https://raw.githubusercontent.com/datasciencedojo/datasets/master/titanic.csv
570,1,3,male,32,0,0,7.8542,S,1,1,https://raw.githubusercontent.com/datasciencedojo/datasets/master/titanic.csv
571,1,2,male,62,0,0,10.5,S,1,1,https://raw.githubusercontent.com/datasciencedojo/datasets/master/titanic.csv
572,1,1,female,53,2,0,51.4792,S,3,0,https://raw.githubusercontent.com/datasciencedojo/datasets/master/titanic.csv
573,1,1,male,36,0,0,26.3875,S,1,1,https://raw.githubusercontent.com/datasciencedojo/datasets/master/titanic.csv
574,1,3,female,,0,0,7.75,Q,1,1,https://raw.githubusercontent.com/datasciencedojo/datasets/master/titanic.csv
575,0,3,male,16,0,0,8.05,S,1,1,https://raw.githubusercontent.com/datasciencedojo/datasets/master/titanic.csv
576,0,3,male,19,0,0,14.5,S,1,1,https://raw.githubusercontent.com/datasciencedojo/datasets/master/titanic.csv
577,1,2,female,34,0,0,13,S,1,1,https://raw.githubusercontent.com/datasciencedojo/datasets/master/titanic.csv
578,1,1,female,39,1,0,55.9,S,2,0,https://raw.githubusercontent.com/datasciencedojo/datasets/master/titanic.csv
579,0,3,female,,1,0,14.4583,C,2,0,https://raw.githubusercontent.com/datasciencedojo/datasets/master/titanic.csv
580,1,3,male,32,0,0,7.925,S,1,1,https://raw.githubusercontent.com/datasciencedojo/datasets/master/titanic.csv
581,1,2,female,25,1,1,30,S,3,0,https://raw.githubusercontent.com/datasciencedojo/datasets/master/titanic.csv
582,1,1,female,39,1,1,110.8833,C,3,0,https://raw.githubusercontent.com/datasciencedojo/datasets/master/titanic.csv
583,0,2,male,54,0,0,26,S,1,1,https://raw.githubusercontent.com/datasciencedojo/datasets/master/titanic.csv
584,0,1,male,36,0,0,40.125,C,1,1,https://raw.githubusercontent.com/datasciencedojo/datasets/master/titanic.csv
585,0,3,male,,0,0,8.7125,C,1,1,https://raw.githubusercontent.com/datasciencedojo/datasets/master/titanic.csv
586,1,1,female,18,0,2,79.65,S,3,0,https://raw.githubusercontent.com/datasciencedojo/datasets/master/titanic.csv
587,0,2,male,47,0,0,15,S,1,1,https://raw.githubusercontent.com/datasciencedojo/datasets/master/titanic.csv
588,1,1,male,60,1,1,79.2,C,3,0,https://raw.githubusercontent.com/datasciencedojo/datasets/master/titanic.csv
589,0,3,male,22,0,0,8.05,S,1,1,https://raw.githubusercontent.com/datasciencedojo/datasets/master/titanic.csv
590,0,3,male,,0,0,8.05,S,1,1,https://raw.githubusercontent.com/datasciencedojo/datasets/master/titanic.csv
591,0,3,male,35,0,0,7.125,S,1,1,https://raw.githubusercontent.com/datasciencedojo/datasets/master/titanic.csv
592,1,1,female,52,1,0,78.2667,C,2,0,https://raw.githubusercontent.com/datasciencedojo/datasets/master/titanic.csv
593,0,3,male,47,0,0,7.25,S,1,1,https://raw.githubusercontent.com/datasciencedojo/datasets/master/titanic.csv
594,0,3,female,,0,2,7.75,Q,3,0,https://raw.githubusercontent.com/datasciencedojo/datasets/master/titanic.csv
595,0,2,male,37,1,0,26,S,2,0,https://raw.githubusercontent.com/datasciencedojo/datasets/master/titanic.csv
596,0,3,male,36,1,1,24.15,S,3,0,https://raw.githubusercontent.com/datasciencedojo/datasets/master/titanic.csv
597,1,2,female,,0,0,33,S,1,1,https://raw.githubusercontent.com/datasciencedojo/datasets/master/titanic.csv
598,0,3,male,49,0,0,0,S,1,1,https://raw.githubusercontent.com/datasciencedojo/datasets/master/titanic.csv
599,0,3,male,,0,0,7.225,C,1,1,https://raw.githubusercontent.com/datasciencedojo/datasets/master/titanic.csv
600,1,1,male,49,1,0,56.9292,C,2,0,https://raw.githubusercontent.com/datasciencedojo/datasets/master/titanic.csv
601,1,2,female,24,2,1,27,S,4,0,https://raw.githubusercontent.com/datasciencedojo/datasets/master/titanic.csv
602,0,3,male,,0,0,7.8958,S,1,1,https://raw.githubusercontent.com/datasciencedojo/datasets/master/titanic.csv
603,0,1,male,,0,0,42.4,S,1,1,https://raw.githubusercontent.com/datasciencedojo/datasets/master/titanic.csv
604,0,3,male,44,0,0,8.05,S,1,1,https://raw.githubusercontent.com/datasciencedojo/datasets/master/titanic.csv
605,1,1,male,35,0,0,26.55,C,1,1,https://raw.githubusercontent.com/datasciencedojo/datasets/master/titanic.csv
606,0,3,male,36,1,0,15.55,S,2,0,https://raw.githubusercontent.com/datasciencedojo/datasets/master/titanic.csv
607,0,3,male,30,0,0,7.8958,S,1,1,https://raw.githubusercontent.com/datasciencedojo/datasets/master/titanic.csv
608,1,1,male,27,0,0,30.5,S,1,1,https://raw.githubusercontent.com/datasciencedojo/datasets/master/titanic.csv
609,1,2,female,22,1,2,41.5792,C,4,0,https://raw.githubusercontent.com/datasciencedojo/datasets/master/titanic.csv
610,1,1,female,40,0,0,153.4625,S,1,1,https://raw.githubusercontent.com/datasciencedojo/datasets/master/titanic.csv
611,0,3,female,39,1,5,31.275,S,7,0,https://raw.githubusercontent.com/datasciencedojo/datasets/master/titanic.csv
612,0,3,male,,0,0,7.05,S,1,1,https://raw.githubusercontent.com/datasciencedojo/datasets/master/titanic.csv
613,1,3,female,,1,0,15.5,Q,2,0,https://raw.githubusercontent.com/datasciencedojo/datasets/master/titanic.csv
614,0,3,male,,0,0,7.75,Q,1,1,https://raw.githubusercontent.com/datasciencedojo/datasets/master/titanic.csv
615,0,3,male,35,0,0,8.05,S,1,1,https://raw.githubusercontent.com/datasciencedojo/datasets/master/titanic.csv
616,1,2,female,24,1,2,65,S,4,0,https://raw.githubusercontent.com/datasciencedojo/datasets/master/titanic.csv
617,0,3,male,34,1,1,14.4,S,3,0,https://raw.githubusercontent.com/datasciencedojo/datasets/master/titanic.csv
618,0,3,female,26,1,0,16.1,S,2,0,https://raw.githubusercontent.com/datasciencedojo/datasets/master/titanic.csv
619,1,2,female,4,2,1,39,S,4,0,https://raw.githubusercontent.com/datasciencedojo/datasets/master/titanic.csv
620,0,2,male,26,0,0,10.5,S,1,1,https://raw.githubusercontent.com/datasciencedojo/datasets/master/titanic.csv
621,0,3,male,27,1,0,14.4542,C,2,0,https://raw.githubusercontent.com/datasciencedojo/datasets/master/titanic.csv
622,1,1,male,42,1,0,52.5542,S,2,0,https://raw.githubusercontent.com/datasciencedojo/datasets/master/titanic.csv
623,1,3,male,20,1,1,15.7417,C,3,0,https://raw.githubusercontent.com/datasciencedojo/datasets/master/titanic.csv
624,0,3,male,21,0,0,7.8542,S,1,1,https://raw.githubusercontent.com/datasciencedojo/datasets/master/titanic.csv
625,0,3,male,21,0,0,16.1,S,1,1,https://raw.githubusercontent.com/datasciencedojo/datasets/master/titanic.csv
626,0,1,male,61,0,0,32.3208,S,1,1,https://raw.githubusercontent.com/datasciencedojo/datasets/master/titanic.csv
627,0,2,male,57,0,0,12.35,Q,1,1,https://raw.githubusercontent.com/datasciencedojo/datasets/master/titanic.csv
628,1,1,female,21,0,0,77.9583,S,1,1,https://raw.githubusercontent.com/datasciencedojo/datasets/master/titanic.csv
629,0,3,male,26,0,0,7.8958,S,1,1,https://raw.githubusercontent.com/datasciencedojo/datasets/master/titanic.csv
630,0,3,male,,0,0,7.7333,Q,1,1,https://raw.githubusercontent.com/datasciencedojo/datasets/master/titanic.csv
631,1,1,male,80,0,0,30,S,1,1,https://raw.githubusercontent.com/datasciencedojo/datasets/master/titanic.csv
632,0,3,male,51,0,0,7.0542,S,1,1,https://raw.githubusercontent.com/datasciencedojo/datasets/master/titanic.csv
633,1,1,male,32,0,0,30.5,C,1,1,https://raw.githubusercontent.com/datasciencedojo/datasets/master/titanic.csv
634,0,1,male,,0,0,0,S,1,1,https://raw.githubusercontent.com/datasciencedojo/datasets/master/titanic.csv
635,0,3,female,9,3,2,27.9,S,6,0,https://raw.githubusercontent.com/datasciencedojo/datasets/master/titanic.csv
636,1,2,female,28,0,0,13,S,1,1,https://raw.githubusercontent.com/datasciencedojo/datasets/master/titanic.csv
637,0,3,male,32,0,0,7.925,S,1,1,https://raw.githubusercontent.com/datasciencedojo/datasets/master/titanic.csv
638,0,2,male,31,1,1,26.25,S,3,0,https://raw.githubusercontent.com/datasciencedojo/datasets/master/titanic.csv
639,0,3,female,41,0,5,39.6875,S,6,0,https://raw.githubusercontent.com/datasciencedojo/datasets/master/titanic.csv
640,0,3,male,,1,0,16.1,S,2,0,https://raw.githubusercontent.com/datasciencedojo/datasets/master/titanic.csv
641,0,3,male,20,0,0,7.8542,S,1,1,https://raw.githubusercontent.com/datasciencedojo/datasets/master/titanic.csv
642,1,1,female,24,0,0,69.3,C,1,1,https://raw.githubusercontent.com/datasciencedojo/datasets/master/titanic.csv
643,0,3,female,2,3,2,27.9,S,6,0,https://raw.githubusercontent.com/datasciencedojo/datasets/master/titanic.csv
644,1,3,male,,0,0,56.4958,S,1,1,https://raw.githubusercontent.com/datasciencedojo/datasets/master/titanic.csv
645,1,3,female,0.75,2,1,19.2583,C,4,0,https://raw.githubusercontent.com/datasciencedojo/datasets/master/titanic.csv
646,1,1,male,48,1,0,76.7292,C,2,0,https://raw.githubusercontent.com/datasciencedojo/datasets/master/titanic.csv
647,0,3,male,19,0,0,7.8958,S,1,1,https://raw.githubusercontent.com/datasciencedojo/datasets/master/titanic.csv
648,1,1,male,56,0,0,35.5,C,1,1,https://raw.githubusercontent.com/datasciencedojo/datasets/master/titanic.csv
649,0,3,male,,0,0,7.55,S,1,1,https://raw.githubusercontent.com/datasciencedojo/datasets/master/titanic.csv
650,1,3,female,23,0,0,7.55,S,1,1,https://raw.githubusercontent.com/datasciencedojo/datasets/master/titanic.csv
651,0,3,male,,0,0,7.8958,S,1,1,https://raw.githubusercontent.com/datasciencedojo/datasets/master/titanic.csv
652,1,2,female,18,0,1,23,S,2,0,https://raw.githubusercontent.com/datasciencedojo/datasets/master/titanic.csv
653,0,3,male,21,0,0,8.4333,S,1,1,https://raw.githubusercontent.com/datasciencedojo/datasets/master/titanic.csv
654,1,3,female,,0,0,7.8292,Q,1,1,https://raw.githubusercontent.com/datasciencedojo/datasets/master/titanic.csv
655,0,3,female,18,0,0,6.75,Q,1,1,https://raw.githubusercontent.com/datasciencedojo/datasets/master/titanic.csv
656,0,2,male,24,2,0,73.5,S,3,0,https://raw.githubusercontent.com/datasciencedojo/datasets/master/titanic.csv
657,0,3,male,,0,0,7.8958,S,1,1,https://raw.githubusercontent.com/datasciencedojo/datasets/master/titanic.csv
658,0,3,female,32,1,1,15.5,Q,3,0,https://raw.githubusercontent.com/datasciencedojo/datasets/master/titanic.csv
659,0,2,male,23,0,0,13,S,1,1,https://raw.githubusercontent.com/datasciencedojo/datasets/master/titanic.csv
660,0,1,male,58,0,2,113.275,C,3,0,https://raw.githubusercontent.com/datasciencedojo/datasets/master/titanic.csv
661,1,1,male,50,2,0,133.65,S,3,0,https://raw.githubusercontent.com/datasciencedojo/datasets/master/titanic.csv
662,0,3,male,40,0,0,7.225,C,1,1,https://raw.githubusercontent.com/datasciencedojo/datasets/master/titanic.csv
663,0,1,male,47,0,0,25.5875,S,1,1,https://raw.githubusercontent.com/datasciencedojo/datasets/master/titanic.csv
664,0,3,male,36,0,0,7.4958,S,1,1,https://raw.githubusercontent.com/datasciencedojo/datasets/master/titanic.csv
665,1,3,male,20,1,0,7.925,S,2,0,https://raw.githubusercontent.com/datasciencedojo/datasets/master/titanic.csv
666,0,2,male,32,2,0,73.5,S,3,0,https://raw.githubusercontent.com/datasciencedojo/datasets/master/titanic.csv
667,0,2,male,25,0,0,13,S,1,1,https://raw.githubusercontent.com/datasciencedojo/datasets/master/titanic.csv
668,0,3,male,,0,0,7.775,S,1,1,https://raw.githubusercontent.com/datasciencedojo/datasets/master/titanic.csv
669,0,3,male,43,0,0,8.05,S,1,1,https://raw.githubusercontent.com/datasciencedojo/datasets/master/titanic.csv
670,1,1,female,,1,0,52,S,2,0,https://raw.githubusercontent.com/datasciencedojo/datasets/master/titanic.csv
671,1,2,female,40,1,1,39,S,3,0,https://raw.githubusercontent.com/datasciencedojo/datasets/master/titanic.csv
672,0,1,male,31,1,0,52,S,2,0,https://raw.githubusercontent.com/datasciencedojo/datasets/master/titanic.csv
673,0,2,male,70,0,0,10.5,S,1,1,https://raw.githubusercontent.com/datasciencedojo/datasets/master/titanic.csv
674,1,2,male,31,0,0,13,S,1,1,https://raw.githubusercontent.com/datasciencedojo/datasets/master/titanic.csv
675,0,2,male,,0,0,0,S,1,1,https://raw.githubusercontent.com/datasciencedojo/datasets/master/titanic.csv
676,0,3,male,18,0,0,7.775,S,1,1,https://raw.githubusercontent.com/datasciencedojo/datasets/master/titanic.csv
677,0,3,male,24.5,0,0,8.05,S,1,1,https://raw.githubusercontent.com/datasciencedojo/datasets/master/titanic.csv
678,1,3,female,18,0,0,9.8417,S,1,1,https://raw.githubusercontent.com/datasciencedojo/datasets/master/titanic.csv
679,0,3,female,43,1,6,46.9,S,8,0,https://raw.githubusercontent.com/datasciencedojo/datasets/master/titanic.csv
680,1,1,male,36,0,1,512.3292,C,2,0,https://raw.githubusercontent.com/datasciencedojo/datasets/master/titanic.csv
681,0,3,female,,0,0,8.1375,Q,1,1,https://raw.githubusercontent.com/datasciencedojo/datasets/master/titanic.csv
682,1,1,male,27,0,0,76.7292,C,1,1,https://raw.githubusercontent.com/datasciencedojo/datasets/master/titanic.csv
683,0,3,male,20,0,0,9.225,S,1,1,https://raw.githubusercontent.com/datasciencedojo/datasets/master/titanic.csv
684,0,3,male,14,5,2,46.9,S,8,0,https://raw.githubusercontent.com/datasciencedojo/datasets/master/titanic.csv
685,0,2,male,60,1,1,39,S,3,0,https://raw.githubusercontent.com/datasciencedojo/datasets/master/titanic.csv
686,0,2,male,25,1,2,41.5792,C,4,0,https://raw.githubusercontent.com/datasciencedojo/datasets/master/titanic.csv
687,0,3,male,14,4,1,39.6875,S,6,0,https://raw.githubusercontent.com/datasciencedojo/datasets/master/titanic.csv
688,0,3,male,19,0,0,10.1708,S,1,1,https://raw.githubusercontent.com/datasciencedojo/datasets/master/titanic.csv
689,0,3,male,18,0,0,7.7958,S,1,1,https://raw.githubusercontent.com/datasciencedojo/datasets/master/titanic.csv
690,1,1,female,15,0,1,211.3375,S,2,0,https://raw.githubusercontent.com/datasciencedojo/datasets/master/titanic.csv
691,1,1,male,31,1,0,57,S,2,0,https://raw.githubusercontent.com/datasciencedojo/datasets/master/titanic.csv
692,1,3,female,4,0,1,13.4167,C,2,0,https://raw.githubusercontent.com/datasciencedojo/datasets/master/titanic.csv
693,1,3,male,,0,0,56.4958,S,1,1,https://raw.githubusercontent.com/datasciencedojo/datasets/master/titanic.csv
694,0,3,male,25,0,0,7.225,C,1,1,https://raw.githubusercontent.com/datasciencedojo/datasets/master/titanic.csv
695,0,1,male,60,0,0,26.55,S,1,1,https://raw.githubusercontent.com/datasciencedojo/datasets/master/titanic.csv
696,0,2,male,52,0,0,13.5,S,1,1,https://raw.githubusercontent.com/datasciencedojo/datasets/master/titanic.csv
697,0,3,male,44,0,0,8.05,S,1,1,https://raw.githubusercontent.com/datasciencedojo/datasets/master/titanic.csv
698,1,3,female,,0,0,7.7333,Q,1,1,https://raw.githubusercontent.com/datasciencedojo/datasets/master/titanic.csv
699,0,1,male,49,1,1,110.8833,C,3,0,https://raw.githubusercontent.com/datasciencedojo/datasets/master/titanic.csv
700,0,3,male,42,0,0,7.65,S,1,1,https://raw.githubusercontent.com/datasciencedojo/datasets/master/titanic.csv
701,1,1,female,18,1,0,227.525,C,2,0,https://raw.githubusercontent.com/datasciencedojo/datasets/master/titanic.csv
702,1,1,male,35,0,0,26.2875,S,1,1,https://raw.githubusercontent.com/datasciencedojo/datasets/master/titanic.csv
703,0,3,female,18,0,1,14.4542,C,2,0,https://raw.githubusercontent.com/datasciencedojo/datasets/master/titanic.csv
704,0,3,male,25,0,0,7.7417,Q,1,1,https://raw.githubusercontent.com/datasciencedojo/datasets/master/titanic.csv
705,0,3,male,26,1,0,7.8542,S,2,0,https://raw.githubusercontent.com/datasciencedojo/datasets/master/titanic.csv
706,0,2,male,39,0,0,26,S,1,1,https://raw.githubusercontent.com/datasciencedojo/datasets/master/titanic.csv
707,1,2,female,45,0,0,13.5,S,1,1,https://raw.githubusercontent.com/datasciencedojo/datasets/master/titanic.csv
708,1,1,male,42,0,0,26.2875,S,1,1,https://raw.githubusercontent.com/datasciencedojo/datasets/master/titanic.csv
709,1,1,female,22,0,0,151.55,S,1,1,https://raw.githubusercontent.com/datasciencedojo/datasets/master/titanic.csv
710,1,3,male,,1,1,15.2458,C,3,0,https://raw.githubusercontent.com/datasciencedojo/datasets/master/titanic.csv
711,1,1,female,24,0,0,49.5042,C,1,1,https://raw.githubusercontent.com/datasciencedojo/datasets/master/titanic.csv
712,0,1,male,,0,0,26.55,S,1,1,https://raw.githubusercontent.com/datasciencedojo/datasets/master/titanic.csv
713,1,1,male,48,1,0,52,S,2,0,https://raw.githubusercontent.com/datasciencedojo/datasets/master/titanic.csv
714,0,3,male,29,0,0,9.4833,S,1,1,https://raw.githubusercontent.com/datasciencedojo/datasets/master/titanic.csv
715,0,2,male,52,0,0,13,S,1,1,https://raw.githubusercontent.com/datasciencedojo/datasets/master/titanic.csv
716,0,3,male,19,0,0,7.65,S,1,1,https://raw.githubusercontent.com/datasciencedojo/datasets/master/titanic.csv
717,1,1,female,38,0,0,227.525,C,1,1,https://raw.githubusercontent.com/datasciencedojo/datasets/master/titanic.csv
718,1,2,female,27,0,0,10.5,S,1,1,https://raw.githubusercontent.com/datasciencedojo/datasets/master/titanic.csv
719,0,3,male,,0,0,15.5,Q,1,1,https://raw.githubusercontent.com/datasciencedojo/datasets/master/titanic.csv
720,0,3,male,33,0,0,7.775,S,1,1,https://raw.githubusercontent.com/datasciencedojo/datasets/master/titanic.csv
721,1,2,female,6,0,1,33,S,2,0,https://raw.githubusercontent.com/datasciencedojo/datasets/master/titanic.csv
722,0,3,male,17,1,0,7.0542,S,2,0,https://raw.githubusercontent.com/datasciencedojo/datasets/master/titanic.csv
723,0,2,male,34,0,0,13,S,1,1,https://raw.githubusercontent.com/datasciencedojo/datasets/master/titanic.csv
724,0,2,male,50,0,0,13,S,1,1,https://raw.githubusercontent.com/datasciencedojo/datasets/master/titanic.csv
725,1,1,male,27,1,0,53.1,S,2,0,https://raw.githubusercontent.com/datasciencedojo/datasets/master/titanic.csv
726,0,3,male,20,0,0,8.6625,S,1,1,https://raw.githubusercontent.com/datasciencedojo/datasets/master/titanic.csv
727,1,2,female,30,3,0,21,S,4,0,https://raw.githubusercontent.com/datasciencedojo/datasets/master/titanic.csv
728,1,3,female,,0,0,7.7375,Q,1,1,https://raw.githubusercontent.com/datasciencedojo/datasets/master/titanic.csv
729,0,2,male,25,1,0,26,S,2,0,https://raw.githubusercontent.com/datasciencedojo/datasets/master/titanic.csv
730,0,3,female,25,1,0,7.925,S,2,0,https://raw.githubusercontent.com/datasciencedojo/datasets/master/titanic.csv
731,1,1,female,29,0,0,211.3375,S,1,1,https://raw.githubusercontent.com/datasciencedojo/datasets/master/titanic.csv
732,0,3,male,11,0,0,18.7875,C,1,1,https://raw.githubusercontent.com/datasciencedojo/datasets/master/titanic.csv
733,0,2,male,,0,0,0,S,1,1,https://raw.githubusercontent.com/datasciencedojo/datasets/master/titanic.csv
734,0,2,male,23,0,0,13,S,1,1,https://raw.githubusercontent.com/datasciencedojo/datasets/master/titanic.csv
735,0,2,male,23,0,0,13,S,1,1,https://raw.githubusercontent.com/datasciencedojo/datasets/master/titanic.csv
736,0,3,male,28.5,0,0,16.1,S,1,1,https://raw.githubusercontent.com/datasciencedojo/datasets/master/titanic.csv
737,0,3,female,48,1,3,34.375,S,5,0,https://raw.githubusercontent.com/datasciencedojo/datasets/master/titanic.csv
738,1,1,male,35,0,0,512.3292,C,1,1,https://raw.githubusercontent.com/datasciencedojo/datasets/master/titanic.csv
739,0,3,male,,0,0,7.8958,S,1,1,https://raw.githubusercontent.com/datasciencedojo/datasets/master/titanic.csv
740,0,3,male,,0,0,7.8958,S,1,1,https://raw.githubusercontent.com/datasciencedojo/datasets/master/titanic.csv
741,1,1,male,,0,0,30,S,1,1,https://raw.githubusercontent.com/datasciencedojo/datasets/master/titanic.csv
742,0,1,male,36,1,0,78.85,S,2,0,https://raw.githubusercontent.com/datasciencedojo/datasets/master/titanic.csv
743,1,1,female,21,2,2,262.375,C,5,0,https://raw.githubusercontent.com/datasciencedojo/datasets/master/titanic.csv
744,0,3,male,24,1,0,16.1,S,2,0,https://raw.githubusercontent.com/datasciencedojo/datasets/master/titanic.csv
745,1,3,male,31,0,0,7.925,S,1,1,https://raw.githubusercontent.com/datasciencedojo/datasets/master/titanic.csv
746,0,1,male,70,1,1,71,S,3,0,https://raw.githubusercontent.com/datasciencedojo/datasets/master/titanic.csv
747,0,3,male,16,1,1,20.25,S,3,0,https://raw.githubusercontent.com/datasciencedojo/datasets/master/titanic.csv
748,1,2,female,30,0,0,13,S,1,1,https://raw.githubusercontent.com/datasciencedojo/datasets/master/titanic.csv
749,0,1,male,19,1,0,53.1,S,2,0,https://raw.githubusercontent.com/datasciencedojo/datasets/master/titanic.csv
750,0,3,male,31,0,0,7.75,Q,1,1,https://raw.githubusercontent.com/datasciencedojo/datasets/master/titanic.csv
751,1,2,female,4,1,1,23,S,3,0,https://raw.githubusercontent.com/datasciencedojo/datasets/master/titanic.csv
752,1,3,male,6,0,1,12.475,S,2,0,https://raw.githubusercontent.com/datasciencedojo/datasets/master/titanic.csv
753,0,3,male,33,0,0,9.5,S,1,1,https://raw.githubusercontent.com/datasciencedojo/datasets/master/titanic.csv
754,0,3,male,23,0,0,7.8958,S,1,1,https://raw.githubusercontent.com/datasciencedojo/datasets/master/titanic.csv
755,1,2,female,48,1,2,65,S,4,0,https://raw.githubusercontent.com/datasciencedojo/datasets/master/titanic.csv
756,1,2,male,0.67,1,1,14.5,S,3,0,https://raw.githubusercontent.com/datasciencedojo/datasets/master/titanic.csv
757,0,3,male,28,0,0,7.7958,S,1,1,https://raw.githubusercontent.com/datasciencedojo/datasets/master/titanic.csv
758,0,2,male,18,0,0,11.5,S,1,1,https://raw.githubusercontent.com/datasciencedojo/datasets/master/titanic.csv
759,0,3,male,34,0,0,8.05,S,1,1,https://raw.githubusercontent.com/datasciencedojo/datasets/master/titanic.csv
760,1,1,female,33,0,0,86.5,S,1,1,https://raw.githubusercontent.com/datasciencedojo/datasets/master/titanic.csv
761,0,3,male,,0,0,14.5,S,1,1,https://raw.githubusercontent.com/datasciencedojo/datasets/master/titanic.csv
762,0,3,male,41,0,0,7.125,S,1,1,https://raw.githubusercontent.com/datasciencedojo/datasets/master/titanic.csv
763,1,3,male,20,0,0,7.2292,C,1,1,https://raw.githubusercontent.com/datasciencedojo/datasets/master/titanic.csv
764,1,1,female,36,1,2,120,S,4,0,https://raw.githubusercontent.com/datasciencedojo/datasets/master/titanic.csv
765,0,3,male,16,0,0,7.775,S,1,1,https://raw.githubusercontent.com/datasciencedojo/datasets/master/titanic.csv
766,1,1,female,51,1,0,77.9583,S,2,0,https://raw.githubusercontent.com/datasciencedojo/datasets/master/titanic.csv
767,0,1,male,,0,0,39.6,C,1,1,https://raw.githubusercontent.com/datasciencedojo/datasets/master/titanic.csv
768,0,3,female,30.5,0,0,7.75,Q,1,1,https://raw.githubusercontent.com/datasciencedojo/datasets/master/titanic.csv
769,0,3,male,,1,0,24.15,Q,2,0,https://raw.githubusercontent.com/datasciencedojo/datasets/master/titanic.csv
770,0,3,male,32,0,0,8.3625,S,1,1,https://raw.githubusercontent.com/datasciencedojo/datasets/master/titanic.csv
771,0,3,male,24,0,0,9.5,S,1,1,https://raw.githubusercontent.com/datasciencedojo/datasets/master/titanic.csv
772,0,3,male,48,0,0,7.8542,S,1,1,https://raw.githubusercontent.com/datasciencedojo/datasets/master/titanic.csv
773,0,2,female,57,0,0,10.5,S,1,1,https://raw.githubusercontent.com/datasciencedojo/datasets/master/titanic.csv
774,0,3,male,,0,0,7.225,C,1,1,https://raw.githubusercontent.com/datasciencedojo/datasets/master/titanic.csv
775,1,2,female,54,1,3,23,S,5,0,https://raw.githubusercontent.com/datasciencedojo/datasets/master/titanic.csv
776,0,3,male,18,0,0,7.75,S,1,1,https://raw.githubusercontent.com/datasciencedojo/datasets/master/titanic.csv
777,0,3,male,,0,0,7.75,Q,1,1,https://raw.githubusercontent.com/datasciencedojo/datasets/master/titanic.csv
778,1,3,female,5,0,0,12.475,S,1,1,https://raw.githubusercontent.com/datasciencedojo/datasets/master/titanic.csv
779,0,3,male,,0,0,7.7375,Q,1,1,https://raw.githubusercontent.com/datasciencedojo/datasets/master/titanic.csv
780,1,1,female,43,0,1,211.3375,S,2,0,https://raw.githubusercontent.com/datasciencedojo/datasets/master/titanic.csv
781,1,3,female,13,0,0,7.2292,C,1,1,https://raw.githubusercontent.com/datasciencedojo/datasets/master/titanic.csv
782,1,1,female,17,1,0,57,S,2,0,https://raw.githubusercontent.com/datasciencedojo/datasets/master/titanic.csv
783,0,1,male,29,0,0,30,S,1,1,https://raw.githubusercontent.com/datasciencedojo/datasets/master/titanic.csv
784,0,3,male,,1,2,23.45,S,4,0,https://raw.githubusercontent.com/datasciencedojo/datasets/master/titanic.csv
785,0,3,male,25,0,0,7.05,S,1,1,https://raw.githubusercontent.com/datasciencedojo/datasets/master/titanic.csv
786,0,3,male,25,0,0,7.25,S,1,1,https://raw.githubusercontent.com/datasciencedojo/datasets/master/titanic.csv
787,1,3,female,18,0,0,7.4958,S,1,1,https://raw.githubusercontent.com/datasciencedojo/datasets/master/titanic.csv
788,0,3,male,8,4,1,29.125,Q,6,0,https://raw.githubusercontent.com/datasciencedojo/datasets/master/titanic.csv
789,1,3,male,1,1,2,20.575,S,4,0,https://raw.githubusercontent.com/datasciencedojo/datasets/master/titanic.csv
790,0,1,male,46,0,0,79.2,C,1,1,https://raw.githubusercontent.com/datasciencedojo/datasets/master/titanic.csv
791,0,3,male,,0,0,7.75,Q,1,1,https://raw.githubusercontent.com/datasciencedojo/datasets/master/titanic.csv
792,0,2,male,16,0,0,26,S,1,1,https://raw.githubusercontent.com/datasciencedojo/datasets/master/titanic.csv
793,0,3,female,,8,2,69.55,S,11,0,https://raw.githubusercontent.com/datasciencedojo/datasets/master/titanic.csv
794,0,1,male,,0,0,30.6958,C,1,1,https://raw.githubusercontent.com/datasciencedojo/datasets/master/titanic.csv
795,0,3,male,25,0,0,7.8958,S,1,1,https://raw.githubusercontent.com/datasciencedojo/datasets/master/titanic.csv
796,0,2,male,39,0,0,13,S,1,1,https://raw.githubusercontent.com/datasciencedojo/datasets/master/titanic.csv
797,1,1,female,49,0,0,25.9292,S,1,1,https://raw.githubusercontent.com/datasciencedojo/datasets/master/titanic.csv
798,1,3,female,31,0,0,8.6833,S,1,1,https://raw.githubusercontent.com/datasciencedojo/datasets/master/titanic.csv
799,0,3,male,30,0,0,7.2292,C,1,1,https://raw.githubusercontent.com/datasciencedojo/datasets/master/titanic.csv
800,0,3,female,30,1,1,24.15,S,3,0,https://raw.githubusercontent.com/datasciencedojo/datasets/master/titanic.csv
801,0,2,male,34,0,0,13,S,1,1,https://raw.githubusercontent.com/datasciencedojo/datasets/master/titanic.csv
802,1,2,female,31,1,1,26.25,S,3,0,https://raw.githubusercontent.com/datasciencedojo/datasets/master/titanic.csv
803,1,1,male,11,1,2,120,S,4,0,https://raw.githubusercontent.com/datasciencedojo/datasets/master/titanic.csv
804,1,3,male,0.42,0,1,8.5167,C,2,0,https://raw.githubusercontent.com/datasciencedojo/datasets/master/titanic.csv
805,1,3,male,27,0,0,6.975,S,1,1,https://raw.githubusercontent.com/datasciencedojo/datasets/master/titanic.csv
806,0,3,male,31,0,0,7.775,S,1,1,https://raw.githubusercontent.com/datasciencedojo/datasets/master/titanic.csv
807,0,1,male,39,0,0,0,S,1,1,https://raw.githubusercontent.com/datasciencedojo/datasets/master/titanic.csv
808,0,3,female,18,0,0,7.775,S,1,1,https://raw.githubusercontent.com/datasciencedojo/datasets/master/titanic.csv
809,0,2,male,39,0,0,13,S,1,1,https://raw.githubusercontent.com/datasciencedojo/datasets/master/titanic.csv
810,1,1,female,33,1,0,53.1,S,2,0,https://raw.githubusercontent.com/datasciencedojo/datasets/master/titanic.csv
811,0,3,male,26,0,0,7.8875,S,1,1,https://raw.githubusercontent.com/datasciencedojo/datasets/master/titanic.csv
812,0,3,male,39,0,0,24.15,S,1,1,https://raw.githubusercontent.com/datasciencedojo/datasets/master/titanic.csv
813,0,2,male,35,0,0,10.5,S,1,1,https://raw.githubusercontent.com/datasciencedojo/datasets/master/titanic.csv
814,0,3,female,6,4,2,31.275,S,7,0,https://raw.githubusercontent.com/datasciencedojo/datasets/master/titanic.csv
815,0,3,male,30.5,0,0,8.05,S,1,1,https://raw.githubusercontent.com/datasciencedojo/datasets/master/titanic.csv
816,0,1,male,,0,0,0,S,1,1,https://raw.githubusercontent.com/datasciencedojo/datasets/master/titanic.csv
817,0,3,female,23,0,0,7.925,S,1,1,https://raw.githubusercontent.com/datasciencedojo/datasets/master/titanic.csv
818,0,2,male,31,1,1,37.0042,C,3,0,https://raw.githubusercontent.com/datasciencedojo/datasets/master/titanic.csv
819,0,3,male,43,0,0,6.45,S,1,1,https://raw.githubusercontent.com/datasciencedojo/datasets/master/titanic.csv
820,0,3,male,10,3,2,27.9,S,6,0,https://raw.githubusercontent.com/datasciencedojo/datasets/master/titanic.csv
821,1,1,female,52,1,1,93.5,S,3,0,https://raw.githubusercontent.com/datasciencedojo/datasets/master/titanic.csv
822,1,3,male,27,0,0,8.6625,S,1,1,https://raw.githubusercontent.com/datasciencedojo/datasets/master/titanic.csv
823,0,1,male,38,0,0,0,S,1,1,https://raw.githubusercontent.com/datasciencedojo/datasets/master/titanic.csv
824,1,3,female,27,0,1,12.475,S,2,0,https://raw.githubusercontent.com/datasciencedojo/datasets/master/titanic.csv
825,0,3,male,2,4,1,39.6875,S,6,0,https://raw.githubusercontent.com/datasciencedojo/datasets/master/titanic.csv
826,0,3,male,,0,0,6.95,Q,1,1,https://raw.githubusercontent.com/datasciencedojo/datasets/master/titanic.csv
827,0,3,male,,0,0,56.4958,S,1,1,https://raw.githubusercontent.com/datasciencedojo/datasets/master/titanic.csv
828,1,2,male,1,0,2,37.0042,C,3,0,https://raw.githubusercontent.com/datasciencedojo/datasets/master/titanic.csv
829,1,3,male,,0,0,7.75,Q,1,1,https://raw.githubusercontent.com/datasciencedojo/datasets/master/titanic.csv
830,1,1,female,62,0,0,80,,1,1,https://raw.githubusercontent.com/datasciencedojo/datasets/master/titanic.csv
831,1,3,female,15,1,0,14.4542,C,2,0,https://raw.githubusercontent.com/datasciencedojo/datasets/master/titanic.csv
832,1,2,male,0.83,1,1,18.75,S,3,0,https://raw.githubusercontent.com/datasciencedojo/datasets/master/titanic.csv
833,0,3,male,,0,0,7.2292,C,1,1,https://raw.githubusercontent.com/datasciencedojo/datasets/master/titanic.csv
834,0,3,male,23,0,0,7.8542,S,1,1,https://raw.githubusercontent.com/datasciencedojo/datasets/master/titanic.csv
835,0,3,male,18,0,0,8.3,S,1,1,https://raw.githubusercontent.com/datasciencedojo/datasets/master/titanic.csv
836,1,1,female,39,1,1,83.1583,C,3,0,https://raw.githubusercontent.com/datasciencedojo/datasets/master/titanic.csv
837,0,3,male,21,0,0,8.6625,S,1,1,https://raw.githubusercontent.com/datasciencedojo/datasets/master/titanic.csv
838,0,3,male,,0,0,8.05,S,1,1,https://raw.githubusercontent.com/datasciencedojo/datasets/master/titanic.csv
839,1,3,male,32,0,0,56.4958,S,1,1,https://raw.githubusercontent.com/datasciencedojo/datasets/master/titanic.csv
840,1,1,male,,0,0,29.7,C,1,1,https://raw.githubusercontent.com/datasciencedojo/datasets/master/titanic.csv
841,0,3,male,20,0,0,7.925,S,1,1,https://raw.githubusercontent.com/datasciencedojo/datasets/master/titanic.csv
842,0,2,male,16,0,0,10.5,S,1,1,https://raw.githubusercontent.com/datasciencedojo/datasets/master/titanic.csv
843,1,1,female,30,0,0,31,C,1,1,https://raw.githubusercontent.com/datasciencedojo/datasets/master/titanic.csv
844,0,3,male,34.5,0,0,6.4375,C,1,1,https://raw.githubusercontent.com/datasciencedojo/datasets/master/titanic.csv
845,0,3,male,17,0,0,8.6625,S,1,1,https://raw.githubusercontent.com/datasciencedojo/datasets/master/titanic.csv
846,0,3,male,42,0,0,7.55,S,1,1,https://raw.githubusercontent.com/datasciencedojo/datasets/master/titanic.csv
847,0,3,male,,8,2,69.55,S,11,0,https://raw.githubusercontent.com/datasciencedojo/datasets/master/titanic.csv
848,0,3,male,35,0,0,7.8958,C,1,1,https://raw.githubusercontent.com/datasciencedojo/datasets/master/titanic.csv
849,0,2,male,28,0,1,33,S,2,0,https://raw.githubusercontent.com/datasciencedojo/datasets/master/titanic.csv
850,1,1,female,,1,0,89.1042,C,2,0,https://raw.githubusercontent.com/datasciencedojo/datasets/master/titanic.csv
851,0,3,male,4,4,2,31.275,S,7,0,https://raw.githubusercontent.com/datasciencedojo/datasets/master/titanic.csv
852,0,3,male,74,0,0,7.775,S,1,1,https://raw.githubusercontent.com/datasciencedojo/datasets/master/titanic.csv
853,0,3,female,9,1,1,15.2458,C,3,0,https://raw.githubusercontent.com/datasciencedojo/datasets/master/titanic.csv
854,1,1,female,16,0,1,39.4,S,2,0,https://raw.githubusercontent.com/datasciencedojo/datasets/master/titanic.csv
855,0,2,female,44,1,0,26,S,2,0,https://raw.githubusercontent.com/datasciencedojo/datasets/master/titanic.csv
856,1,3,female,18,0,1,9.35,S,2,0,https://raw.githubusercontent.com/datasciencedojo/datasets/master/titanic.csv
857,1,1,female,45,1,1,164.8667,S,3,0,https://raw.githubusercontent.com/datasciencedojo/datasets/master/titanic.csv
858,1,1,male,51,0,0,26.55,S,1,1,https://raw.githubusercontent.com/datasciencedojo/datasets/master/titanic.csv
859,1,3,female,24,0,3,19.2583,C,4,0,https://raw.githubusercontent.com/datasciencedojo/datasets/master/titanic.csv
860,0,3,male,,0,0,7.2292,C,1,1,https://raw.githubusercontent.com/datasciencedojo/datasets/master/titanic.csv
861,0,3,male,41,2,0,14.1083,S,3,0,https://raw.githubusercontent.com/datasciencedojo/datasets/master/titanic.csv
862,0,2,male,21,1,0,11.5,S,2,0,https://raw.githubusercontent.com/datasciencedojo/datasets/master/titanic.csv
863,1,1,female,48,0,0,25.9292,S,1,1,https://raw.githubusercontent.com/datasciencedojo/datasets/master/titanic.csv
864,0,3,female,,8,2,69.55,S,11,0,https://raw.githubusercontent.com/datasciencedojo/datasets/master/titanic.csv
865,0,2,male,24,0,0,13,S,1,1,https://raw.githubusercontent.com/datasciencedojo/datasets/master/titanic.csv
866,1,2,female,42,0,0,13,S,1,1,https://raw.githubusercontent.com/datasciencedojo/datasets/master/titanic.csv
867,1,2,female,27,1,0,13.8583,C,2,0,https://raw.githubusercontent.com/datasciencedojo/datasets/master/titanic.csv
868,0,1,male,31,0,0,50.4958,S,1,1,https://raw.githubusercontent.com/datasciencedojo/datasets/master/titanic.csv
869,0,3,male,,0,0,9.5,S,1,1,https://raw.githubusercontent.com/datasciencedojo/datasets/master/titanic.csv
870,1,3,male,4,1,1,11.1333,S,3,0,https://raw.githubusercontent.com/datasciencedojo/datasets/master/titanic.csv
871,0,3,male,26,0,0,7.8958,S,1,1,https://raw.githubusercontent.com/datasciencedojo/datasets/master/titanic.csv
872,1,1,female,47,1,1,52.5542,S,3,0,https://raw.githubusercontent.com/datasciencedojo/datasets/master/titanic.csv
873,0,1,male,33,0,0,5,S,1,1,https://raw.githubusercontent.com/datasciencedojo/datasets/master/titanic.csv
874,0,3,male,47,0,0,9,S,1,1,https://raw.githubusercontent.com/datasciencedojo/datasets/master/titanic.csv
875,1,2,female,28,1,0,24,C,2,0,https://raw.githubusercontent.com/datasciencedojo/datasets/master/titanic.csv
876,1,3,female,15,0,0,7.225,C,1,1,https://raw.githubusercontent.com/datasciencedojo/datasets/master/titanic.csv
877,0,3,male,20,0,0,9.8458,S,1,1,https://raw.githubusercontent.com/datasciencedojo/datasets/master/titanic.csv
878,0,3,male,19,0,0,7.8958,S,1,1,https://raw.githubusercontent.com/datasciencedojo/datasets/master/titanic.csv
879,0,3,male,,0,0,7.8958,S,1,1,https://raw.githubusercontent.com/datasciencedojo/datasets/master/titanic.csv
880,1,1,female,56,0,1,83.1583,C,2,0,https://raw.githubusercontent.com/datasciencedojo/datasets/master/titanic.csv
881,1,2,female,25,0,1,26,S,2,0,https://raw.githubusercontent.com/datasciencedojo/datasets/master/titanic.csv
882,0,3,male,33,0,0,7.8958,S,1,1,https://raw.githubusercontent.com/datasciencedojo/datasets/master/titanic.csv
883,0,3,female,22,0,0,10.5167,S,1,1,https://raw.githubusercontent.com/datasciencedojo/datasets/master/titanic.csv
884,0,2,male,28,0,0,10.5,S,1,1,https://raw.githubusercontent.com/datasciencedojo/datasets/master/titanic.csv
885,0,3,male,25,0,0,7.05,S,1,1,https://raw.githubusercontent.com/datasciencedojo/datasets/master/titanic.csv
886,0,3,female,39,0,5,29.125,Q,6,0,https://raw.githubusercontent.com/datasciencedojo/datasets/master/titanic.csv
887,0,2,male,27,0,0,13,S,1,1,https://raw.githubusercontent.com/datasciencedojo/datasets/master/titanic.csv
888,1,1,female,19,0,0,30,S,1,1,https://raw.githubusercontent.com/datasciencedojo/datasets/master/titanic.csv
889,0,3,female,,1,2,23.45,S,4,0,https://raw.githubusercontent.com/datasciencedojo/datasets/master/titanic.csv
890,1,1,male,26,0,0,30,C,1,1,https://raw.githubusercontent.com/datasciencedojo/datasets/master/titanic.csv
891,0,3,male,32,0,0,7.75,Q,1,1,https://raw.githubusercontent.com/datasciencedojo/datasets/master/titanic.csv
