SourceRecordID,SizeSqFt,Bedrooms,Bathrooms,GarageCars,LotAreaSqFt,Neighborhood,OverallQuality,AgeAtSaleYears,SalePriceUSD
1,"1,710",3,2.5,2,"8,450",CollgCr,7,5,"208,500"
2,"1,262",3,2.0,2,"9,600",Veenker,6,31,"181,500"
3,"1,786",3,2.5,2,"11,250",CollgCr,7,7,"223,500"
4,"1,717",3,1.0,3,"9,550",Crawfor,7,91,"140,000"
5,"2,198",4,2.5,3,"14,260",NoRidge,8,8,"250,000"
6,"1,362",1,1.5,2,"14,115",Mitchel,5,16,"143,000"
7,"1,694",3,2.0,2,"10,084",Somerst,8,3,"307,000"
8,"2,090",3,2.5,2,"10,382",NWAmes,7,36,"200,000"
9,"1,774",2,2.0,2,"6,120",OldTown,7,77,"129,900"
10,"1,077",2,1.0,1,"7,420",BrkSide,5,69,"118,000"
11,"1,040",3,1.0,1,"11,200",Sawyer,5,43,"129,500"
12,"2,324",4,3.0,3,"11,924",NridgHt,9,1,"345,000"
13,912,2,1.0,1,"12,968",Sawyer,5,46,"144,000"
14,"1,494",3,2.0,3,"10,652",CollgCr,7,1,"279,500"
15,"1,253",2,1.5,1,"10,920",NAmes,6,48,"157,000"
16,854,2,1.0,2,"6,120",BrkSide,7,78,"132,000"
17,"1,004",2,1.0,2,"11,241",NAmes,6,40,"149,000"
18,"1,296",2,2.0,2,"10,791",Sawyer,4,39,"90,000"
19,"1,114",3,1.5,2,"13,695",SawyerW,5,4,"159,000"
20,"1,339",3,1.0,1,"7,560",NAmes,5,51,"139,000"
21,"2,376",4,3.5,3,"14,215",NridgHt,8,1,"325,300"
22,"1,108",3,1.0,1,"7,449",IDOTRR,7,77,"139,400"
23,"1,795",3,2.0,2,"9,742",CollgCr,8,6,"230,000"
24,"1,060",3,1.0,2,"4,224",MeadowV,5,31,"129,900"
25,"1,060",3,1.0,1,"8,246",Sawyer,5,42,"154,000"
26,"1,600",3,2.0,3,"14,230",NridgHt,8,2,"256,300"
27,900,3,1.0,2,"7,200",NAmes,5,59,"134,800"
28,"1,704",3,2.0,3,"11,478",NridgHt,8,3,"306,000"
29,"1,600",2,1.0,1,"16,321",NAmes,5,49,"207,500"
30,520,1,1.0,1,"6,324",BrkSide,4,81,"68,500"
31,"1,317",3,1.0,1,"8,500",IDOTRR,4,88,"40,000"
32,"1,228",3,1.5,1,"8,544",Sawyer,5,42,"149,350"
33,"1,234",3,2.0,2,"11,049",CollgCr,8,1,"179,900"
34,"1,700",4,1.5,2,"10,552",NAmes,5,51,"165,500"
35,"1,561",2,2.0,2,"7,313",NridgHt,9,2,"277,500"
36,"2,452",4,3.5,3,"13,418",NridgHt,8,2,"309,000"
37,"1,097",3,1.5,2,"10,859",CollgCr,5,15,"145,000"
38,"1,297",3,1.0,2,"8,532",NAmes,5,55,"153,000"
39,"1,057",3,1.0,1,"7,922",NAmes,5,57,"109,000"
40,"1,152",2,2.0,0,"6,040",Edwards,4,53,"82,000"
41,"1,324",3,2.0,2,"8,658",NAmes,6,41,"160,000"
42,"1,328",2,1.5,1,"16,905",Timber,5,48,"170,000"
43,884,2,1.0,2,"9,180",SawyerW,5,24,"144,000"
44,938,3,1.0,1,"9,200",CollgCr,5,33,"130,250"
45,"1,150",3,1.0,1,"7,945",NAmes,5,47,"141,000"
46,"1,752",2,2.0,2,"7,658",NridgHt,9,5,"319,900"
47,"2,149",1,1.5,2,"12,822",Mitchel,7,6,"239,686"
48,"1,656",3,2.0,3,"11,096",Somerst,8,1,"249,700"
49,"1,452",2,2.0,0,"4,456",OldTown,4,89,"113,000"
50,955,3,1.0,1,"7,742",Sawyer,5,41,"127,000"
51,"1,470",3,2.0,2,"13,869",Gilbert,6,10,"177,000"
52,"1,176",3,1.0,2,"6,240",BrkSide,6,72,"114,500"
53,816,2,1.0,2,"8,472",IDOTRR,5,47,"110,000"
54,"1,842",0,0.5,3,"50,271",Veenker,9,25,"385,000"
55,"1,360",3,1.0,2,"7,134",NAmes,5,52,"130,000"
56,"1,425",3,2.0,2,"10,175",NAmes,6,44,"180,500"
57,"1,739",3,2.5,2,"2,645",Somerst,8,10,"172,500"
58,"1,720",3,2.5,2,"11,645",CollgCr,7,2,"196,500"
59,"2,945",3,3.5,3,"13,682",StoneBr,10,0,"438,780"
60,780,2,1.0,1,"7,200",CollgCr,5,36,"124,900"
61,"1,158",3,1.5,2,"13,072",SawyerW,6,2,"158,000"
62,"1,111",3,1.0,1,"7,200",IDOTRR,5,87,"101,000"
63,"1,370",2,2.0,2,"6,442",NridgHt,8,1,"202,500"
64,"1,710",3,2.0,2,"10,300",OldTown,7,89,"140,000"
65,"2,034",3,2.5,2,"9,375",CollgCr,7,12,"219,500"
66,"2,473",4,2.5,3,"9,591",NridgHt,8,3,"317,000"
67,"2,207",3,2.0,2,"19,900",NAmes,7,40,"180,000"
68,"1,479",3,2.0,2,"10,665",CollgCr,7,4,"226,000"
69,747,2,1.0,1,"4,608",OldTown,4,65,"80,000"
70,"2,287",3,2.0,2,"15,593",ClearCr,7,53,"225,000"
71,"2,223",3,2.0,2,"13,651",NAmes,7,34,"244,000"
72,845,2,1.0,2,"7,599",Mitchel,4,25,"129,500"
73,"1,718",3,2.5,2,"10,141",Gilbert,7,11,"185,000"
74,"1,086",3,1.0,2,"10,200",NAmes,5,56,"144,900"
75,"1,605",3,2.0,1,"5,790",OldTown,3,95,"107,400"
76,988,2,1.0,1,"1,596",MeadowV,4,36,"91,000"
77,952,2,1.0,1,"8,475",NAmes,4,52,"135,750"
78,"1,285",2,1.0,1,"8,635",BrkSide,5,60,"127,000"
79,"1,768",4,2.0,0,"10,778",Sawyer,4,42,"136,500"
80,"1,230",2,1.5,2,"10,440",OldTown,5,99,"110,000"
81,"2,142",4,2.5,1,"13,000",NAmes,6,41,"193,500"
82,"1,337",2,2.0,2,"4,500",Mitchel,6,8,"153,500"
83,"1,563",3,2.0,3,"10,206",Somerst,8,1,"245,000"
84,"1,065",3,1.5,2,"8,892",NAmes,5,47,"126,500"
85,"1,474",3,2.5,2,"8,530",Gilbert,7,14,"168,500"
86,"2,417",4,2.5,2,"16,059",NoRidge,8,15,"260,000"
87,"1,560",3,2.5,2,"11,911",Gilbert,6,4,"174,000"
88,"1,224",2,2.5,2,"3,951",Somerst,6,0,"164,500"
89,"1,526",2,1.0,0,"8,470",IDOTRR,3,94,"85,000"
90,990,3,1.0,0,"8,070",CollgCr,4,13,"123,600"
91,"1,040",2,1.0,2,"7,200",NAmes,4,56,"109,900"
92,"1,235",2,1.0,2,"8,500",NAmes,5,45,"98,600"
93,964,2,1.0,2,"13,360",Crawfor,5,88,"163,500"
94,"2,291",4,2.0,2,"7,200",OldTown,6,97,"133,900"
95,"1,786",3,2.5,2,"9,337",CollgCr,6,10,"204,750"
96,"1,470",3,2.5,2,"9,765",Gilbert,6,16,"185,000"
97,"1,588",3,2.0,2,"10,264",CollgCr,7,7,"214,000"
98,960,3,1.0,1,"10,921",Edwards,4,42,"94,750"
99,835,2,1.0,1,"10,625",Edwards,5,90,"83,000"
100,"1,225",3,1.5,0,"9,320",NAmes,4,51,"128,950"
101,"1,610",3,2.0,2,"10,603",NWAmes,6,33,"205,000"
102,"1,732",3,2.5,2,"9,206",SawyerW,6,25,"178,000"
103,"1,535",4,2.0,2,"7,018",SawyerW,5,30,"118,964"
104,"1,226",3,2.0,3,"10,402",CollgCr,7,1,"198,900"
105,"1,818",4,1.5,1,"7,758",IDOTRR,7,76,"169,500"
106,"1,992",3,2.5,2,"9,375",Somerst,8,5,"250,000"
107,"1,047",2,1.0,1,"10,800",OldTown,4,122,"100,000"
108,789,2,1.0,1,"6,000",OldTown,5,60,"115,000"
109,"1,517",3,2.0,0,"8,500",IDOTRR,5,88,"115,000"
110,"1,844",3,2.0,2,"11,751",NWAmes,6,33,"190,000"
111,"1,855",4,2.0,1,"9,525",Edwards,6,52,"136,900"
112,"1,430",3,2.5,2,"7,750",Gilbert,7,10,"180,000"
113,"2,696",4,2.5,3,"9,965",CollgCr,7,0,"383,970"
114,"2,259",3,2.0,2,"21,000",Crawfor,6,54,"217,000"
115,"2,320",3,2.5,1,"7,259",Crawfor,6,62,"259,500"
116,"1,458",2,2.5,2,"3,230",Somerst,6,8,"176,000"
117,"1,092",3,1.0,1,"11,616",Sawyer,5,47,"139,000"
118,"1,125",2,1.5,2,"8,536",Edwards,5,1,"155,000"
119,"3,222",5,3.0,3,"12,376",SawyerW,7,20,"320,000"
120,"1,456",3,2.5,2,"8,461",CollgCr,6,1,"163,990"
121,988,1,1.0,2,"21,453",ClearCr,6,37,"180,000"
122,"1,123",3,1.0,1,"6,060",IDOTRR,4,68,"100,000"
123,"1,080",3,1.0,1,"9,464",NAmes,6,50,"136,000"
124,"1,199",2,2.0,2,"7,892",SawyerW,6,15,"153,900"
125,"1,586",3,2.0,2,"17,043",NWAmes,6,30,"181,000"
126,754,2,1.0,0,"6,780",IDOTRR,6,71,"84,500"
127,958,2,2.0,2,"4,928",NPkVill,6,31,"128,000"
128,840,3,1.0,0,"4,388",OldTown,5,77,"87,000"
129,"1,348",3,1.5,2,"7,590",NAmes,6,40,"155,000"
130,"1,053",3,1.5,2,"8,973",NAmes,5,48,"150,000"
131,"2,157",4,2.5,2,"14,200",NAmes,7,40,"226,000"
132,"2,054",3,2.5,2,"12,224",Gilbert,6,9,"244,000"
133,"1,327",3,1.0,2,"7,388",NAmes,5,48,"150,750"
134,"1,296",2,2.0,2,"6,853",Timber,8,8,"220,000"
135,"1,721",3,2.5,2,"10,335",Sawyer,5,38,"180,000"
136,"1,682",3,2.0,2,"10,400",NWAmes,7,38,"174,000"
137,"1,214",3,2.0,1,"10,355",NAmes,5,40,"143,000"
138,"1,959",5,3.0,3,"11,070",Mitchel,7,18,"171,000"
139,"1,852",3,2.5,3,"9,066",CollgCr,8,9,"230,000"
140,"1,764",3,2.5,2,"15,426",CollgCr,6,12,"231,500"
141,864,3,1.0,0,"10,500",NAmes,4,39,"115,000"
142,"1,734",3,2.0,2,"11,645",CollgCr,7,1,"260,000"
143,"1,385",4,2.0,2,"8,520",NAmes,5,58,"166,000"
144,"1,501",3,2.0,2,"10,335",CollgCr,7,10,"204,000"
145,"1,728",6,2.0,2,"9,100",Sawyer,5,43,"125,000"
146,"1,709",3,2.0,2,"2,522",Edwards,6,2,"130,000"
147,875,2,1.0,1,"6,120",BrkSide,5,78,"105,000"
148,"2,035",3,2.5,2,"9,505",Gilbert,7,9,"222,500"
149,"1,080",3,1.0,0,"7,500",SawyerW,7,4,"141,000"
150,"1,344",3,1.0,1,"6,240",BrkSide,5,70,"115,000"
151,969,3,1.5,2,"10,356",CollgCr,5,32,"122,000"
152,"1,710",2,2.0,3,"13,891",NridgHt,8,1,"372,402"
153,"1,993",4,2.5,2,"14,803",NWAmes,6,35,"190,000"
154,"1,252",1,1.0,2,"13,500",ClearCr,6,48,"235,000"
155,"1,200",4,1.0,1,"11,340",OldTown,6,83,"125,000"
156,"1,096",2,1.0,0,"9,600",Edwards,6,84,"79,000"
157,"1,040",2,1.0,2,"7,200",NAmes,5,56,"109,500"
158,"1,968",4,2.5,3,"12,003",Timber,8,1,"269,500"
159,"1,947",3,2.5,2,"12,552",Somerst,7,6,"254,900"
160,"2,462",4,2.5,2,"19,378",Gilbert,7,1,"320,000"
161,"1,232",3,2.0,2,"11,120",Veenker,6,24,"162,500"
162,"2,668",3,2.5,3,"13,688",NridgHt,9,5,"412,500"
163,"1,541",3,2.0,2,"12,182",NridgHt,7,5,"220,000"
164,882,1,1.0,0,"5,500",OldTown,4,51,"103,200"
165,"1,616",3,2.0,1,"5,400",OldTown,6,81,"152,000"
166,"1,355",4,2.0,0,"10,106",Edwards,5,68,"127,500"
167,"1,867",2,1.0,1,"10,708",ClearCr,5,54,"190,000"
168,"2,161",3,1.5,3,"10,562",NridgHt,8,0,"325,624"
169,"1,720",3,2.5,2,"8,244",Gilbert,7,3,"183,500"
170,"1,707",2,2.5,2,"16,669",Timber,8,25,"228,000"
171,"1,382",2,1.5,2,"12,358",OldTown,5,66,"128,500"
172,"1,656",3,1.0,2,"31,770",NAmes,6,50,"215,000"
173,"1,767",2,2.0,2,"5,306",StoneBr,7,19,"239,000"
174,"1,362",3,1.5,2,"10,197",NAmes,6,47,"163,000"
175,"1,651",3,2.0,2,"12,416",Timber,6,22,"184,000"
176,"2,158",4,2.0,2,"12,615",Edwards,6,57,"243,000"
177,"2,060",4,2.5,2,"10,029",ClearCr,6,19,"211,000"
178,"1,920",4,2.0,2,"13,650",Sawyer,5,48,"172,500"
179,"2,234",1,2.0,3,"17,423",StoneBr,9,1,"501,837"
180,968,2,1.0,2,"8,520",OldTown,5,84,"100,000"
181,"1,525",3,2.5,2,"2,117",Somerst,6,7,"177,000"
182,"1,802",4,1.5,1,"7,588",Crawfor,7,86,"200,100"
183,"1,340",3,1.0,1,"9,060",Edwards,5,50,"120,000"
184,"2,082",3,2.5,2,"11,426",OldTown,7,5,"200,000"
185,"1,252",3,1.0,2,"7,438",BrkSide,5,98,"127,000"
186,"3,608",4,2.5,3,"22,950",OldTown,10,114,"475,000"
187,"1,217",3,2.0,2,"9,947",Mitchel,7,19,"173,000"
188,"1,656",3,2.5,1,"10,410",OldTown,5,93,"135,000"
189,"1,224",2,1.0,2,"7,018",SawyerW,5,30,"153,337"
190,"1,593",0,1.5,2,"4,923",StoneBr,8,7,"286,000"
191,"2,727",3,2.5,2,"10,570",Crawfor,8,75,"315,000"
192,"1,479",4,1.5,2,"7,472",NAmes,7,35,"184,000"
193,"1,431",3,2.0,2,"9,017",CollgCr,7,10,"192,000"
194,"1,709",3,2.0,2,"2,522",Edwards,7,2,"130,000"
195,864,3,1.0,1,"7,180",CollgCr,5,36,"127,000"
196,"1,456",3,2.5,2,"2,280",NPkVill,6,33,"148,500"
197,"1,726",3,2.0,3,"9,416",Somerst,7,0,"311,872"
198,"3,112",4,2.0,2,"25,419",NAmes,8,88,"235,000"
199,"2,229",5,1.0,0,"5,520",OldTown,6,97,"104,000"
200,"1,713",3,2.0,3,"9,591",NridgHt,8,5,"274,900"
201,"1,121",2,2.0,2,"8,546",Edwards,4,7,"140,000"
202,"1,279",3,2.0,2,"10,125",Mitchel,6,31,"171,500"
203,"1,310",2,2.0,1,"7,000",OldTown,6,82,"112,000"
204,848,1,1.0,2,"4,438",CollgCr,6,4,"149,000"
205,"1,284",2,1.5,1,"3,500",OldTown,5,62,"110,000"
206,"1,442",3,2.0,2,"11,851",Gilbert,7,19,"180,500"
207,"1,696",3,1.5,1,"13,673",Sawyer,5,45,"143,900"
208,"1,100",3,1.0,1,"12,493",NAmes,4,48,"141,000"
209,"2,062",3,2.5,2,"14,364",SawyerW,7,19,"277,000"
210,"1,092",3,1.0,2,"8,250",NAmes,6,44,"145,000"
211,864,2,1.0,0,"5,604",Edwards,5,83,"98,000"
212,"1,212",3,2.0,2,"10,420",Edwards,6,1,"186,000"
213,"1,852",3,2.5,2,"8,640",Somerst,7,0,"252,678"
214,990,3,1.0,2,"13,568",CollgCr,5,11,"156,000"
215,"1,392",3,1.5,1,"10,900",CollgCr,6,33,"161,750"
216,"1,236",2,1.0,1,"10,011",NAmes,5,49,"134,450"
217,"1,436",3,2.0,2,"8,450",CollgCr,7,4,"210,000"
218,"1,328",3,1.0,1,"9,906",OldTown,4,81,"107,000"
219,"1,954",3,1.5,2,"15,660",Crawfor,7,69,"311,500"
220,"1,248",2,2.0,2,"3,010",Blmngtn,7,1,"167,240"
221,"1,498",2,2.0,2,"8,990",CollgCr,7,0,"204,900"
222,"2,267",4,2.5,2,"8,068",Gilbert,6,7,"200,000"
223,"1,552",3,2.5,2,"11,475",NWAmes,6,31,"179,900"
224,864,2,1.0,2,"10,500",NAmes,4,38,"97,000"
225,"2,392",3,2.0,3,"13,472",NridgHt,10,6,"386,250"
226,"1,302",3,2.5,1,"1,680",BrDale,5,38,"112,000"
227,"2,520",4,2.5,3,"9,950",NoRidge,7,12,"290,000"
228,987,2,1.5,1,"1,869",BrDale,6,38,"106,000"
229,912,3,1.0,1,"8,521",Sawyer,5,43,"125,000"
230,"1,555",2,2.0,2,"3,182",Blmngtn,7,4,"192,500"
231,"1,194",3,1.0,1,"8,760",NAmes,6,51,"148,000"
232,"2,794",4,2.5,3,"15,138",NoRidge,8,14,"403,000"
233,987,2,1.5,1,"1,680",BrDale,6,34,"94,500"
234,894,3,1.0,1,"10,650",CollgCr,5,34,"128,200"
235,"1,960",4,2.5,2,"7,851",Gilbert,6,8,"216,500"
236,987,2,1.5,1,"1,680",BrDale,6,37,"89,500"
237,"1,414",3,2.0,2,"8,773",CollgCr,7,6,"185,500"
238,"1,744",3,2.5,2,"9,453",SawyerW,7,17,"194,500"
239,"1,694",3,2.0,3,"12,030",NridgHt,8,0,"318,000"
240,"1,487",3,1.5,1,"8,741",Edwards,6,65,"113,000"
241,"1,566",3,2.0,2,"9,000",Somerst,8,2,"262,500"
242,866,2,1.0,0,"3,880",OldTown,5,62,"110,500"
243,"1,440",3,1.0,1,"5,000",OldTown,5,106,"79,000"
244,"1,217",3,1.5,1,"10,762",SawyerW,6,29,"120,000"
245,"2,110",3,2.5,2,"8,880",SawyerW,7,16,"205,000"
246,"1,872",3,2.0,2,"10,400",NWAmes,7,18,"241,500"
247,"1,928",4,2.0,1,"9,142",OldTown,6,96,"137,000"
248,"1,375",2,1.0,2,"11,310",NAmes,6,52,"140,000"
249,"1,668",3,2.5,2,"11,317",CollgCr,7,4,"180,000"
250,"2,144",4,2.0,2,"159,000",ClearCr,6,49,"277,000"
251,"1,306",3,1.0,0,"5,350",BrkSide,3,70,"76,500"
252,"1,625",2,2.0,2,"4,750",Crawfor,8,1,"235,000"
253,"1,640",3,2.5,2,"8,366",SawyerW,6,4,"173,000"
254,"1,302",3,2.0,1,"9,350",NAmes,6,43,"158,000"
255,"1,314",3,1.0,1,"8,400",NAmes,5,53,"145,000"
256,"2,291",4,2.5,2,"8,738",Gilbert,7,7,"230,000"
257,"1,728",3,2.5,2,"8,791",Somerst,6,5,"207,500"
258,"1,604",3,2.5,2,"8,814",CollgCr,7,3,"220,000"
259,"1,792",3,2.5,2,"12,435",CollgCr,7,7,"231,500"
260,882,2,1.0,1,"12,702",OldTown,5,52,"97,000"
261,"1,382",3,1.0,2,"19,296",NAmes,6,47,"176,000"
262,"2,574",3,2.5,3,"9,588",CollgCr,8,0,"276,000"
263,"1,212",3,1.0,2,"8,471",Sawyer,6,29,"151,000"
264,"1,316",3,1.0,2,"5,500",OldTown,5,81,"130,000"
265,764,2,1.0,2,"5,232",OldTown,5,83,"73,000"
266,"1,422",3,2.0,2,"12,090",NWAmes,6,27,"175,500"
267,"1,511",3,2.5,2,"11,207",Gilbert,6,9,"185,000"
268,"2,192",4,2.5,1,"8,400",SWISU,5,69,"179,500"
269,778,2,1.0,1,"6,900",IDOTRR,5,68,"120,500"
270,"1,113",3,1.5,1,"7,917",Edwards,6,31,"148,000"
271,"1,939",3,2.5,3,"10,728",Somerst,8,0,"266,000"
272,"1,363",2,1.0,2,"39,104",ClearCr,7,54,"241,500"
273,"2,270",4,2.5,3,"11,764",NoRidge,8,11,"290,000"
274,"1,632",3,2.0,1,"9,600",NAmes,6,51,"139,000"
275,816,2,1.0,1,"8,314",Mitchel,5,25,"124,500"
276,"1,548",3,2.5,2,"7,264",BrkSide,7,84,"205,000"
277,"1,560",3,2.0,2,"9,196",Mitchel,7,7,"201,000"
278,864,2,1.0,2,"19,138",Gilbert,4,59,"141,000"
279,"2,121",3,2.5,3,"14,450",NridgHt,9,1,"415,298"
280,"2,022",4,2.5,2,"10,005",ClearCr,7,31,"192,000"
281,"1,982",3,2.5,2,"11,287",SawyerW,7,18,"228,500"
282,"1,262",2,2.0,2,"7,200",Somerst,6,0,"185,000"
283,"1,314",2,2.0,2,"5,063",NridgHt,7,2,"207,500"
284,"1,468",3,2.0,3,"9,612",Somerst,8,1,"244,600"
285,"1,575",2,2.0,2,"8,012",SawyerW,6,15,"179,200"
286,"1,250",2,2.5,2,"4,251",Somerst,7,1,"164,700"
287,"1,734",3,1.5,2,"9,786",NAmes,6,44,"159,000"
288,858,3,1.0,0,"8,125",NAmes,4,35,"88,000"
289,900,3,1.0,1,"9,819",Sawyer,5,43,"122,000"
290,"1,396",3,1.0,1,"8,730",BrkSide,6,92,"153,575"
291,"1,919",3,2.5,2,"15,611",CollgCr,8,0,"233,230"
292,"1,716",6,2.0,0,"5,687",SWISU,5,96,"135,900"
293,"1,716",3,1.5,1,"11,409",Edwards,5,60,"131,000"
294,"2,263",3,2.5,2,"16,659",NWAmes,7,29,"235,000"
295,"1,644",3,1.0,2,"9,600",NAmes,6,56,"167,000"
296,"1,003",3,1.0,2,"7,937",Mitchel,6,22,"142,500"
297,"1,558",4,1.5,1,"13,710",IDOTRR,5,57,"152,000"
298,"1,950",3,2.5,2,"7,399",Somerst,7,10,"239,000"
299,"1,743",3,2.0,2,"11,700",NWAmes,6,39,"175,000"
300,"1,152",3,1.0,1,"14,000",Crawfor,6,59,"158,500"
301,"1,336",2,1.0,1,"15,750",Crawfor,5,53,"157,000"
302,"2,452",4,2.5,2,"16,226",CollgCr,8,9,"267,000"
303,"1,541",3,2.0,3,"13,704",CollgCr,7,5,"205,000"
304,894,3,1.0,2,"9,800",CollgCr,5,34,"149,900"
305,"3,493",3,3.0,3,"18,386",OldTown,7,128,"295,000"
306,"2,000",3,2.0,3,"10,386",CollgCr,8,3,"305,900"
307,"2,243",4,2.5,3,"13,474",SawyerW,7,17,"225,000"
308,"1,406",3,1.0,0,"7,920",IDOTRR,6,88,"89,500"
309,861,1,1.0,2,"12,342",Edwards,4,69,"82,500"
310,"1,944",3,2.0,3,"12,378",NridgHt,9,3,"360,000"
311,"1,501",3,2.5,2,"7,685",Gilbert,6,13,"165,600"
312,972,2,1.0,1,"8,000",NAmes,6,61,"132,000"
313,"1,118",3,1.0,2,"7,800",OldTown,5,67,"119,900"
314,"2,036",3,2.0,2,"215,245",Timber,7,44,"375,000"
315,"1,641",3,1.5,2,"9,600",OldTown,7,81,"178,000"
316,"1,432",3,2.5,2,"7,795",Gilbert,7,5,"188,500"
317,"2,353",4,2.5,2,"13,005",NWAmes,7,29,"260,000"
318,"1,959",3,2.5,3,"9,000",Somerst,8,1,"270,000"
319,"2,646",4,2.5,3,"9,900",NoRidge,7,16,"260,000"
320,"1,472",3,2.0,2,"14,115",NWAmes,7,29,"187,500"
321,"2,596",4,3.5,3,"16,259",NridgHt,9,0,"342,643"
322,"2,468",4,2.5,3,"12,099",NridgHt,8,3,"354,000"
323,"2,730",4,2.5,2,"10,380",SawyerW,7,21,"301,000"
324,"1,163",3,1.0,1,"5,820",OldTown,3,51,"126,175"
325,"2,978",5,2.5,2,"11,275",NAmes,7,43,"242,000"
326,803,2,1.0,2,"5,000",IDOTRR,5,66,"87,000"
327,"1,719",1,1.5,2,"10,846",Veenker,8,15,"324,000"
328,"1,383",3,1.5,1,"11,600",NAmes,6,46,"145,250"
329,"2,134",5,2.0,2,"11,888",BrkSide,6,93,"214,500"
330,"1,192",3,1.0,1,"6,402",IDOTRR,5,89,"78,000"
331,"1,728",6,2.0,1,"10,624",NAmes,5,43,"119,000"
332,"1,056",3,1.0,1,"8,176",NAmes,5,49,"139,000"
333,"1,629",3,2.0,3,"10,655",NridgHt,8,6,"284,000"
334,"1,358",2,2.0,2,"8,198",NridgHt,7,4,"207,000"
335,"1,638",3,2.5,2,"9,042",Gilbert,6,10,"192,000"
336,"1,786",3,2.0,2,"164,660",Timber,5,43,"228,950"
337,"1,922",3,2.0,3,"14,157",StoneBr,9,2,"377,426"
338,"1,536",3,2.0,2,"9,135",CollgCr,7,6,"214,000"
339,"1,621",3,2.0,2,"14,145",NWAmes,7,22,"202,500"
340,"1,215",3,1.0,1,"12,400",NAmes,6,51,"155,000"
341,"1,908",4,2.5,2,"14,191",Timber,8,8,"202,900"
342,841,2,1.0,1,"8,400",SawyerW,4,59,"82,000"
343,"1,040",2,2.0,2,"8,544",NAmes,3,57,"87,500"
344,"1,684",2,2.0,2,"8,849",NridgHt,9,3,"266,000"
345,"1,112",3,1.5,1,"2,592",MeadowV,5,34,"85,000"
346,"1,577",3,1.0,1,"6,435",BrkSide,6,67,"140,200"
347,958,2,1.0,1,"12,772",NAmes,6,47,"151,500"
348,"1,478",3,2.0,2,"17,600",NAmes,6,49,"157,500"
349,"1,626",2,2.5,2,"2,448",NridgHt,7,5,"154,000"
350,"2,728",4,2.5,3,"20,431",NridgHt,9,1,"437,154"
351,"1,869",2,2.0,2,"7,820",NridgHt,9,0,"318,061"
352,"1,453",2,1.5,2,"5,271",ClearCr,7,20,"190,000"
353,"1,111",3,1.0,1,"9,084",Edwards,5,67,"95,000"
354,720,2,1.0,2,"8,520",OldTown,6,82,"105,900"
355,"1,595",2,1.0,1,"8,400",SWISU,6,66,"140,000"
356,"1,200",3,2.0,2,"11,249",CollgCr,6,12,"177,500"
357,"1,167",3,2.0,2,"9,248",Gilbert,6,17,"173,000"
358,"1,142",3,1.5,2,"4,224",MeadowV,5,31,"134,000"
359,"1,352",3,1.0,1,"6,930",ClearCr,5,48,"130,000"
360,"1,924",3,2.5,2,"12,011",NoRidge,8,8,"280,000"
361,912,2,1.0,2,"7,540",Mitchel,6,29,"156,000"
362,"1,505",3,1.0,1,"9,144",BrkSide,5,68,"145,000"
363,"1,922",4,3.0,2,"7,301",Edwards,7,6,"198,500"
364,987,2,1.5,1,"1,680",BrDale,6,37,"118,000"
365,"1,574",3,2.5,2,"18,800",NWAmes,6,30,"190,000"
366,"1,344",3,1.0,1,"10,690",IDOTRR,5,89,"147,000"
367,"1,394",3,1.5,2,"9,500",NAmes,6,46,"159,000"
368,"1,431",3,1.0,1,"9,150",NAmes,6,46,"165,000"
369,"1,268",2,1.0,1,"7,800",NAmes,5,56,"132,000"
370,"1,287",3,1.0,2,"9,830",NAmes,5,51,"162,000"
371,"1,664",3,2.5,2,"8,121",Gilbert,6,6,"172,400"
372,"1,588",4,2.0,2,"17,120",ClearCr,4,49,"134,432"
373,752,2,1.0,1,"7,175",SawyerW,6,26,"125,000"
374,"1,319",3,1.0,1,"10,634",NAmes,5,56,"123,000"
375,"1,928",4,2.5,2,"8,200",CollgCr,7,4,"219,500"
376,904,1,0.5,0,"10,020",Edwards,1,87,"61,000"
377,914,2,1.0,2,"8,846",CollgCr,5,10,"148,000"
378,"2,466",4,3.0,2,"11,143",Somerst,8,3,"340,000"
379,"1,856",1,1.5,3,"11,394",StoneBr,9,0,"394,432"
380,"1,800",3,2.5,2,"8,123",Gilbert,6,9,"179,000"
381,"1,691",3,2.0,1,"5,000",SWISU,5,86,"127,000"
382,"1,301",2,2.0,2,"7,200",Somerst,7,0,"187,750"
383,"1,797",3,2.5,2,"9,245",CollgCr,7,1,"213,500"
384,784,2,1.0,2,"9,000",SawyerW,6,81,"76,000"
385,"1,953",3,2.5,2,"53,107",ClearCr,6,15,"240,000"
386,"1,269",2,2.0,2,"3,182",Blmngtn,8,6,"192,000"
387,"1,184",5,1.0,0,"8,410",Edwards,5,96,"81,000"
388,"1,125",3,1.0,1,"7,200",Edwards,6,33,"125,000"
389,"1,479",3,2.0,2,"9,382",CollgCr,7,9,"191,000"
390,"2,332",3,2.5,3,"12,474",NridgHt,10,1,"426,000"
391,"1,367",4,1.0,1,"8,405",Edwards,5,108,"119,000"
392,"1,961",3,2.5,2,"12,209",Mitchel,6,8,"215,000"
393,882,3,1.0,1,"8,339",NAmes,5,48,"106,500"
394,788,2,1.0,0,"7,446",BrkSide,4,65,"100,000"
395,"1,034",2,1.0,1,"10,134",OldTown,5,67,"109,000"
396,"1,144",3,1.0,1,"9,571",Edwards,5,54,"129,000"
397,894,2,1.0,2,"7,200",CollgCr,5,37,"123,000"
398,"1,812",4,2.0,1,"7,590",NAmes,5,45,"169,500"
399,"1,077",2,1.0,1,"8,967",IDOTRR,5,87,"67,000"
400,"1,550",2,2.0,2,"8,125",Somerst,7,3,"241,000"
401,"1,288",1,1.5,2,"14,963",Veenker,8,12,"245,500"
402,"1,310",3,2.0,2,"8,767",CollgCr,7,1,"164,990"
403,672,2,1.0,1,"10,200",Sawyer,5,68,"108,000"
404,"2,263",4,2.5,2,"12,090",NoRidge,8,8,"258,000"
405,"1,572",3,2.5,2,"10,364",Gilbert,6,12,"168,000"
406,"1,620",3,2.0,2,"9,991",Sawyer,4,33,"150,000"
407,"1,639",3,1.0,1,"10,480",SWISU,6,72,"115,000"
408,"1,680",4,2.0,1,"15,576",Crawfor,6,93,"177,000"
409,"2,172",3,2.5,3,"14,154",NridgHt,7,1,"280,000"
410,"2,078",3,2.5,3,"10,800",Somerst,8,1,"339,750"
411,"1,276",3,1.0,1,"9,571",Edwards,5,51,"60,000"
412,"1,056",3,1.0,2,"34,650",Gilbert,5,51,"145,000"
413,"1,478",2,2.5,2,"4,403",Somerst,7,1,"222,000"
414,"1,028",2,1.0,2,"8,960",OldTown,5,83,"115,000"
415,"2,097",3,2.5,3,"11,228",SawyerW,7,15,"228,000"
416,"1,340",3,2.0,2,"8,899",Gilbert,7,0,"181,134"
417,"1,400",3,1.5,2,"7,844",Sawyer,6,28,"149,500"
418,"2,624",4,2.5,3,"22,420",Crawfor,6,89,"239,000"
419,"1,134",3,1.5,1,"8,160",Edwards,5,67,"126,000"
420,"1,056",3,1.0,1,"8,450",NAmes,5,42,"142,000"
421,"1,344",2,2.0,4,"7,060",Mitchel,7,11,"206,300"
422,"1,602",3,2.0,2,"16,635",NWAmes,6,32,"215,000"
423,988,2,1.0,2,"21,750",Mitchel,5,54,"113,000"
424,"2,630",4,2.5,3,"9,200",NoRidge,8,10,"315,000"
425,"1,196",2,1.0,1,"9,000",NAmes,6,52,"139,000"
426,"1,389",3,1.5,1,"3,378",OldTown,7,63,"135,000"
427,"1,644",2,2.0,2,"12,800",SawyerW,7,20,"275,000"
428,907,3,1.0,1,"8,593",NAmes,4,51,"109,008"
429,"1,208",2,2.0,2,"6,762",CollgCr,7,0,"195,400"
430,"1,412",3,2.0,2,"11,457",Timber,6,21,"175,000"
431,987,2,1.5,1,"1,680",BrDale,6,37,"85,400"
432,"1,198",4,1.0,0,"5,586",OldTown,6,88,"79,900"
433,"1,365",2,1.5,2,"1,920",BrDale,5,36,"122,500"
434,"1,604",3,2.5,2,"10,839",Gilbert,6,11,"181,000"
435,630,1,1.0,0,"1,890",MeadowV,4,36,"81,000"
436,"1,661",3,2.5,2,"10,667",CollgCr,7,13,"212,000"
437,"1,118",2,1.0,2,"4,400",OldTown,6,86,"116,000"
438,904,2,1.0,1,"6,000",BrkSide,6,83,"119,000"
439,694,2,1.0,1,"4,280",Crawfor,5,94,"90,350"
440,"1,196",3,1.0,2,"12,354",Edwards,6,89,"110,000"
441,"2,402",2,2.0,3,"15,431",NridgHt,10,1,"555,000"
442,"1,440",4,2.0,0,"12,108",Edwards,4,53,"118,000"
443,"1,573",3,2.0,2,"6,240",BrkSide,5,78,"162,900"
444,"1,258",2,2.0,3,"3,922",Blmngtn,7,1,"172,500"
445,"1,908",4,2.5,2,"8,750",CollgCr,7,14,"210,000"
446,"1,689",3,1.0,2,"9,855",Edwards,6,53,"127,500"
447,"1,888",2,2.5,2,"16,492",NAmes,6,44,"190,000"
448,"1,886",4,2.5,2,"11,214",Gilbert,7,8,"199,900"
449,"1,376",3,2.0,1,"8,600",IDOTRR,6,69,"119,500"
450,"1,183",2,1.5,1,"6,000",OldTown,3,59,"120,000"
451,813,2,1.0,1,"5,684",OldTown,6,76,"110,000"
452,"1,533",2,2.0,2,"70,761",ClearCr,7,31,"280,000"
453,"1,756",3,2.5,2,"9,303",Timber,6,11,"204,000"
454,"1,590",3,2.5,2,"9,000",Somerst,8,1,"210,000"
455,"1,728",4,2.0,2,"9,297",Mitchel,5,30,"188,000"
456,"1,242",3,1.5,2,"9,600",NWAmes,7,34,"175,500"
457,"1,344",4,1.0,3,"4,571",OldTown,5,92,"98,000"
458,"1,663",2,1.0,2,"53,227",ClearCr,4,54,"256,000"
459,"1,666",3,1.0,1,"5,100",OldTown,8,83,"161,000"
460,"1,203",3,1.0,1,"7,015",BrkSide,5,59,"110,000"
461,"1,935",3,2.5,2,"8,004",Somerst,8,0,"263,435"
462,"1,135",3,1.0,2,"7,200",SWISU,7,73,"155,000"
463,864,3,1.0,1,"8,281",Sawyer,5,44,"62,383"
464,"1,660",3,1.5,1,"11,988",Crawfor,6,74,"188,700"
465,"1,040",3,2.0,0,"8,430",CollgCr,5,31,"124,000"
466,"1,414",2,2.0,2,"3,072",Blmngtn,7,2,"178,740"
467,"1,277",2,1.0,2,"10,628",NAmes,7,37,"167,000"
468,"1,644",3,1.5,1,"9,480",NAmes,5,65,"146,500"
469,"1,634",3,2.0,3,"11,428",NridgHt,8,1,"250,000"
470,"1,710",3,2.5,2,"9,291",SawyerW,6,15,"187,000"
471,"1,502",1,1.5,2,"6,820",StoneBr,8,25,"212,000"
472,"1,969",3,2.5,2,"11,952",NWAmes,7,30,"190,000"
473,"1,072",2,1.0,2,"3,675",Edwards,6,3,"148,000"
474,"1,976",2,2.0,3,"14,977",NridgHt,8,1,"440,000"
475,"1,652",2,2.0,2,"5,330",StoneBr,8,7,"251,000"
476,970,2,1.0,2,"8,480",Sawyer,5,44,"132,500"
477,"1,493",3,2.0,2,"13,125",CollgCr,6,11,"208,900"
478,"2,643",3,2.5,3,"13,693",NridgHt,9,1,"380,000"
479,"1,718",3,2.0,3,"10,637",CollgCr,8,2,"297,000"
480,"1,131",2,1.0,2,"5,925",OldTown,4,70,"89,471"
481,"1,850",3,2.0,3,"16,033",NridgHt,9,2,"326,000"
482,"1,792",2,2.0,3,"11,846",NridgHt,9,3,"374,000"
483,"1,826",4,1.5,1,"2,500",OldTown,7,94,"155,000"
484,"1,216",2,2.0,2,"4,500",Mitchel,6,8,"164,000"
485,999,3,1.0,1,"7,758",Sawyer,5,45,"132,500"
486,"1,113",3,1.0,1,"9,600",NAmes,5,59,"147,000"
487,"1,073",3,1.5,2,"10,289",NAmes,5,42,"156,000"
488,"1,484",3,2.0,2,"12,243",NWAmes,5,36,"175,000"
489,"2,414",3,2.0,2,"10,800",OldTown,5,106,"160,000"
490,630,1,1.0,1,"1,526",MeadowV,4,39,"86,000"
491,"1,304",3,1.5,1,"2,665",MeadowV,5,32,"115,000"
492,"1,578",3,1.0,1,"9,490",NAmes,6,65,"133,000"
493,"1,456",3,2.5,2,"15,578",Gilbert,6,0,"172,785"
494,"1,269",3,1.5,1,"7,931",NAmes,5,48,"155,000"
495,886,2,1.0,1,"5,784",OldTown,5,71,"91,300"
496,720,2,1.0,0,"7,879",IDOTRR,4,89,"34,900"
497,"3,228",4,3.0,2,"12,692",NoRidge,8,15,"430,000"
498,"1,820",4,2.0,1,"9,120",BrkSide,7,83,"184,000"
499,899,3,1.0,1,"7,800",Sawyer,5,42,"130,000"
500,912,2,1.0,1,"7,535",NAmes,5,49,"120,000"
501,"1,218",3,1.5,1,"1,890",BrDale,6,34,"113,000"
502,"1,768",3,2.5,2,"9,803",Somerst,7,3,"226,700"
503,"1,214",2,1.0,2,"9,170",Edwards,5,42,"140,000"
504,"1,801",1,2.0,2,"15,602",Crawfor,7,51,"289,000"
505,"1,322",3,2.5,2,"2,308",NPkVill,6,35,"147,000"
506,"1,960",4,2.0,2,"7,596",OldTown,5,57,"124,500"
507,"1,911",3,2.5,2,"9,554",SawyerW,8,13,"215,000"
508,"1,218",2,2.0,2,"7,862",Somerst,6,0,"208,300"
509,"1,378",3,2.0,2,"9,600",OldTown,7,80,"161,000"
510,"1,041",3,1.0,1,"9,600",NAmes,5,50,"124,500"
511,"1,363",2,1.0,1,"14,559",NAmes,5,58,"164,900"
512,"1,368",2,2.0,2,"6,792",NridgHt,7,1,"202,665"
513,864,3,1.0,2,"9,100",NAmes,5,48,"129,900"
514,"1,080",3,1.5,2,"9,187",Mitchel,6,24,"134,000"
515,789,2,1.0,1,"10,594",Crawfor,5,81,"96,500"
516,"2,020",3,2.5,3,"12,220",NridgHt,10,0,"402,861"
517,"2,119",3,2.5,2,"10,448",NWAmes,6,37,"158,000"
518,"2,344",3,2.5,3,"10,208",NoRidge,7,13,"265,000"
519,"1,796",3,2.5,2,"9,531",CollgCr,6,9,"211,000"
520,"2,080",3,1.5,1,"10,918",Crawfor,7,83,"234,000"
521,"1,294",3,2.0,0,"10,800",OldTown,4,108,"106,250"
522,"1,244",3,1.5,1,"11,988",NAmes,6,50,"150,000"
523,"1,664",3,2.0,2,"5,000",BrkSide,6,59,"159,000"
524,"4,676",3,3.5,3,"40,094",Edwards,10,0,"184,750"
525,"2,398",3,2.5,3,"11,787",NoRidge,7,11,"315,750"
526,"1,266",3,2.0,2,"7,500",Somerst,7,1,"176,000"
527,928,2,1.0,1,"13,300",NAmes,5,51,"132,000"
528,"2,713",3,2.5,3,"14,948",NridgHt,9,0,"446,261"
529,605,2,1.0,0,"9,098",Edwards,4,87,"86,000"
530,"2,515",4,3.0,2,"32,668",Crawfor,6,50,"200,624"
531,"1,509",3,2.0,2,"10,200",Timber,6,20,"175,000"
532,"1,362",3,2.0,2,"6,155",BrkSide,6,88,"128,000"
533,827,2,1.0,1,"7,200",NAmes,5,55,"107,500"
534,334,1,1.0,0,"5,000",BrkSide,1,61,"39,300"
535,"1,414",3,2.5,2,"9,056",Gilbert,8,2,"178,000"
536,"1,347",3,1.0,0,"7,000",Edwards,5,98,"107,500"
537,"1,724",3,2.5,2,"8,924",CollgCr,7,10,"188,000"
538,864,3,1.0,2,"12,735",NAmes,4,36,"111,250"
539,"1,159",3,1.5,1,"11,553",Sawyer,5,38,"158,000"
540,"1,601",3,2.0,2,"11,423",CollgCr,8,9,"272,000"
541,"1,838",2,2.0,3,"14,601",Timber,9,3,"315,000"
542,"2,285",4,2.5,3,"11,000",NoRidge,8,7,"248,000"
543,"1,680",3,2.0,2,"10,140",NWAmes,7,11,"213,250"
544,767,1,1.0,1,"4,058",NAmes,7,9,"133,000"
545,"1,496",3,2.5,2,"17,104",Gilbert,7,0,"179,665"
546,"2,183",4,2.5,3,"13,837",NWAmes,7,18,"229,000"
547,"1,635",3,1.5,2,"8,737",BrkSide,6,84,"210,000"
548,768,2,1.0,2,"7,244",Mitchel,5,37,"129,500"
549,825,2,1.0,2,"8,235",OldTown,5,53,"125,000"
550,"2,094",4,2.5,2,"9,375",Somerst,7,6,"263,000"
551,"1,069",2,2.0,2,"4,043",NPkVill,6,31,"140,000"
552,928,3,1.0,1,"6,000",OldTown,5,51,"112,500"
553,"1,717",3,2.0,3,"11,146",NridgHt,8,3,"255,500"
554,"1,126",2,2.0,2,"8,777",Edwards,4,60,"108,000"
555,"2,046",3,2.5,3,"10,625",NridgHt,7,5,"284,000"
556,"1,048",2,1.0,1,"6,380",BrkSide,5,84,"113,000"
557,"1,092",2,1.0,1,"14,850",NAmes,5,49,"141,000"
558,"1,336",3,1.5,1,"11,040",IDOTRR,4,86,"108,000"
559,"1,446",3,2.5,2,"21,872",Gilbert,7,12,"175,000"
560,"1,557",2,2.0,2,"3,196",Blmngtn,7,3,"234,000"
561,"1,392",3,1.5,2,"11,341",Sawyer,5,53,"121,500"
562,"1,389",2,1.0,2,"10,010",Mitchel,5,32,"170,000"
563,996,3,1.0,0,"13,907",Edwards,5,68,"108,000"
564,"1,674",4,2.0,2,"21,780",Edwards,6,90,"185,000"
565,"2,295",4,2.5,2,"13,346",NoRidge,7,14,"268,000"
566,"1,647",4,1.5,1,"6,858",SWISU,6,95,"128,000"
567,"2,504",4,2.5,3,"11,198",StoneBr,9,3,"325,000"
568,"1,535",3,2.0,2,"10,171",NridgHt,7,6,"214,000"
569,"2,132",1,1.5,2,"12,327",SawyerW,8,26,"316,600"
570,943,2,1.0,2,"7,032",NAmes,5,27,"135,960"
571,"1,728",6,2.0,2,"13,101",NAmes,5,43,"142,600"
572,864,2,1.0,1,"7,332",NAmes,6,47,"120,000"
573,"1,692",3,2.5,2,"13,159",Timber,7,0,"224,500"
574,"1,430",3,2.5,2,"9,967",Gilbert,7,7,"170,000"
575,"1,109",3,1.0,1,"10,500",NAmes,5,36,"139,000"
576,"1,216",2,1.0,1,"8,480",NAmes,5,61,"118,500"
577,"1,477",3,2.0,1,"6,292",SWISU,7,81,"145,000"
578,"1,320",3,1.0,2,"11,777",Sawyer,5,40,"164,500"
579,"1,392",2,2.0,2,"3,604",Somerst,7,1,"146,000"
580,"1,795",4,2.0,1,"12,150",OldTown,5,54,"131,500"
581,"1,429",3,1.0,2,"14,585",NAmes,6,47,"181,900"
582,"2,042",3,2.5,3,"12,704",NridgHt,8,1,"253,293"
583,816,3,1.0,0,"11,841",Edwards,6,17,"118,500"
584,"2,775",3,3.5,2,"13,500",OldTown,10,115,"325,000"
585,"1,573",3,1.0,1,"6,120",BrkSide,4,74,"133,000"
586,"2,028",2,2.0,3,"11,443",Timber,8,1,"369,900"
587,838,2,1.0,1,"10,267",BrkSide,6,90,"130,000"
588,860,2,1.0,2,"8,740",Sawyer,5,27,"137,000"
589,"1,473",1,1.0,1,"25,095",ClearCr,5,41,"143,000"
590,935,2,1.0,1,"9,100",BrkSide,5,78,"79,500"
591,"1,582",3,2.5,2,"8,320",CollgCr,7,4,"185,900"
592,"2,296",3,2.5,3,"13,478",NridgHt,10,1,"451,950"
593,816,2,1.0,2,"6,600",Mitchel,5,26,"138,000"
594,848,1,1.0,2,"4,435",CollgCr,6,6,"140,000"
595,924,3,1.0,1,"7,990",CollgCr,5,33,"110,000"
596,"1,826",3,2.0,3,"11,302",StoneBr,8,1,"319,000"
597,"1,368",3,1.0,1,"3,600",OldTown,6,96,"114,504"
598,"1,402",2,1.0,3,"3,922",Blmngtn,7,1,"194,201"
599,"1,647",3,2.0,2,"12,984",Crawfor,5,29,"217,500"
600,"1,556",3,2.5,2,"1,950",Blueste,6,28,"151,000"
601,"1,904",3,2.5,2,"10,927",NridgHt,8,1,"275,000"
602,"1,375",3,1.5,1,"9,000",IDOTRR,6,70,"141,000"
603,"1,915",3,2.5,2,"10,041",SawyerW,8,14,"220,000"
604,"1,200",2,2.5,2,"3,182",Somerst,7,6,"151,000"
605,"1,494",3,2.0,2,"12,803",CollgCr,7,6,"221,000"
606,"1,986",3,2.5,2,"13,600",NAmes,7,44,"205,000"
607,"1,040",3,1.0,2,"12,464",CollgCr,5,13,"152,000"
608,"2,008",3,3.0,1,"7,800",Edwards,5,58,"225,000"
609,"3,194",4,2.5,2,"12,168",Crawfor,8,73,"359,100"
610,"1,029",3,1.0,1,"7,943",Sawyer,4,46,"118,500"
611,"2,153",3,2.5,3,"11,050",CollgCr,9,9,"313,000"
612,"1,032",3,2.0,2,"10,395",NWAmes,6,29,"148,000"
613,"1,872",3,2.5,2,"11,885",CollgCr,8,8,"261,500"
614,"1,120",3,1.0,0,"8,402",Mitchel,5,0,"147,000"
615,630,1,1.0,0,"1,491",MeadowV,4,38,"75,500"
616,"1,054",3,1.0,2,"8,800",NAmes,6,47,"137,500"
617,"1,509",3,2.5,2,"7,861",Gilbert,6,4,"183,200"
618,832,2,1.0,2,"7,227",NAmes,6,54,"105,500"
619,"1,828",3,2.0,3,"11,694",NridgHt,9,0,"314,813"
620,"2,262",4,2.5,3,"12,244",Timber,8,5,"305,000"
621,864,2,1.0,0,"8,248",Edwards,3,94,"67,000"
622,"2,614",4,2.5,2,"10,800",NWAmes,6,34,"240,000"
623,980,3,1.0,2,"7,064",Sawyer,5,32,"135,000"
624,"1,512",2,2.5,2,"2,117",Somerst,6,7,"168,500"
625,"1,790",4,2.0,2,"10,400",NWAmes,6,34,"165,150"
626,"1,116",3,1.5,2,"10,000",NAmes,6,48,"160,000"
627,"1,422",3,1.0,1,"12,342",NAmes,5,47,"139,900"
628,"1,520",3,1.0,1,"9,600",NAmes,6,55,"153,000"
629,"2,080",5,2.0,2,"11,606",NAmes,5,38,"135,000"
630,"1,350",3,1.5,2,"9,020",NAmes,6,44,"168,500"
631,"1,750",3,1.0,1,"9,000",OldTown,5,126,"124,000"
632,"1,554",2,2.0,2,"4,590",NridgHt,8,1,"209,500"
633,"1,411",3,2.0,2,"11,900",NWAmes,7,32,"82,500"
634,"1,056",3,1.0,1,"9,250",NAmes,5,53,"139,400"
635,"1,056",0,0.0,2,"6,979",OldTown,6,30,"144,000"
636,"3,395",8,2.0,0,"10,896",SWISU,6,93,"200,000"
637,800,1,1.0,0,"6,120",BrkSide,2,73,"60,000"
638,"1,387",3,2.0,1,"6,000",OldTown,5,55,"93,000"
639,796,2,1.0,0,"8,777",Edwards,5,98,"85,000"
640,"1,567",1,2.0,3,"3,982",Blmngtn,8,0,"264,561"
641,"1,518",1,1.5,2,"12,677",NridgHt,8,5,"274,000"
642,"1,929",3,2.5,2,"7,050",Somerst,7,6,"226,000"
643,"2,704",4,2.5,2,"13,860",NAmes,8,37,"345,000"
644,"1,620",4,2.5,2,"10,793",NWAmes,5,38,"152,000"
645,"1,766",2,2.5,3,"9,187",Somerst,9,0,"370,878"
646,981,3,1.5,2,"10,530",NAmes,6,36,"143,250"
647,"1,048",3,1.0,2,"7,200",NAmes,5,58,"98,300"
648,"1,094",3,1.0,2,"10,452",Edwards,6,55,"155,000"
649,"1,839",4,1.5,2,"7,700",NAmes,6,44,"155,000"
650,630,1,1.0,0,"1,936",MeadowV,4,37,"84,500"
651,"1,665",3,2.5,2,"8,125",Somerst,7,1,"205,950"
652,"1,510",4,1.0,1,"9,084",Edwards,4,69,"108,000"
653,"1,716",2,2.5,2,"8,750",CollgCr,7,13,"191,000"
654,"1,469",3,1.0,1,"10,320",IDOTRR,6,102,"135,000"
655,"2,113",2,2.5,3,"10,437",NoRidge,8,13,"350,000"
656,"1,092",3,1.5,1,"1,680",BrDale,6,39,"88,000"
657,"1,053",3,1.5,1,"10,007",NAmes,5,49,"145,500"
658,"1,502",3,1.5,1,"7,200",Crawfor,7,77,"149,000"
659,"1,458",3,1.0,1,"17,503",NAmes,6,62,"97,500"
660,"1,486",3,1.0,2,"9,937",Edwards,5,45,"167,000"
661,"1,935",3,2.5,2,"12,384",NWAmes,7,31,"197,900"
662,"2,448",4,2.5,3,"46,589",NoRidge,8,15,"402,000"
663,"1,392",2,1.0,2,"13,560",NAmes,6,41,"110,000"
664,"1,181",3,2.0,2,"10,012",Edwards,4,36,"137,500"
665,"2,097",1,1.5,3,"20,896",Somerst,8,1,"423,000"
666,"1,936",3,2.5,2,"11,194",Gilbert,8,6,"230,500"
667,"2,380",3,2.5,2,"18,450",NAmes,6,42,"129,000"
668,"1,679",3,2.0,2,"8,125",SawyerW,6,14,"193,500"
669,"1,437",3,1.5,2,"14,175",Sawyer,5,50,"168,000"
670,"1,180",2,1.0,1,"11,600",Crawfor,4,84,"137,500"
671,"1,476",3,2.5,2,"8,633",CollgCr,6,4,"173,500"
672,"1,369",3,2.0,1,"6,629",Edwards,6,84,"103,600"
673,"1,208",3,1.5,2,"11,250",Veenker,6,29,"165,000"
674,"1,839",3,2.0,2,"14,442",Crawfor,6,50,"257,500"
675,"1,136",3,1.0,1,"9,200",NAmes,6,43,"140,000"
676,"1,441",3,2.5,2,"2,289",NPkVill,6,31,"148,500"
677,"1,774",4,2.0,3,"9,600",OldTown,4,106,"87,000"
678,792,2,1.0,1,"9,022",OldTown,5,85,"109,500"
679,"2,046",3,2.5,3,"11,844",StoneBr,8,1,"372,500"
680,988,3,1.0,2,"9,945",Sawyer,5,46,"128,500"
681,923,2,2.0,1,"8,012",SawyerW,6,30,"143,000"
682,"1,520",3,1.0,1,"4,500",SWISU,5,77,"159,434"
683,"1,291",2,1.0,2,"2,887",ClearCr,6,12,"173,000"
684,"1,668",3,2.0,3,"11,248",CollgCr,9,5,"285,000"
685,"1,839",4,2.5,2,"16,770",NoRidge,7,12,"221,000"
686,"2,090",3,2.0,2,"5,062",StoneBr,7,23,"207,500"
687,"1,761",3,3.0,2,"10,207",Somerst,7,0,"227,875"
688,"1,102",2,2.5,2,"5,105",Somerst,7,3,"148,800"
689,"1,419",2,2.0,2,"8,089",StoneBr,8,0,"392,000"
690,"1,362",2,2.0,2,"7,577",NridgHt,6,2,"194,700"
691,848,1,1.0,2,"4,426",CollgCr,6,4,"141,000"
692,"4,316",4,3.5,3,"21,535",NoRidge,10,13,"755,000"
693,"2,519",4,2.5,2,"26,178",Timber,7,17,"335,000"
694,"1,073",2,1.0,1,"5,400",OldTown,5,85,"108,480"
695,"1,539",3,1.5,2,"6,120",BrkSide,5,73,"141,500"
696,"1,137",2,2.0,2,"13,811",Timber,6,19,"176,000"
697,616,2,1.0,1,"6,000",BrkSide,5,85,"89,000"
698,"1,148",2,1.0,1,"6,420",Edwards,5,54,"123,500"
699,894,3,1.0,1,"8,450",Sawyer,5,45,"138,500"
700,"1,391",2,2.0,2,"4,282",Somerst,7,4,"196,000"
701,"1,800",3,2.0,3,"14,331",Timber,8,4,"312,500"
702,"1,164",3,1.5,2,"9,600",NWAmes,7,37,"140,000"
703,"2,576",4,2.5,3,"12,438",StoneBr,8,0,"361,919"
704,"1,812",4,2.0,2,"7,630",OldTown,5,110,"140,000"
705,"1,484",3,2.0,2,"8,400",CollgCr,7,6,"213,000"
706,"1,092",3,2.0,0,"5,600",IDOTRR,4,80,"55,000"
707,"1,824",2,2.0,2,"115,149",ClearCr,7,36,"302,000"
708,"1,324",2,2.0,2,"6,240",NridgHt,8,3,"254,000"
709,"1,456",3,2.5,2,"9,018",Gilbert,7,0,"179,540"
710,904,3,1.0,1,"7,162",Sawyer,5,42,"109,900"
711,729,2,1.0,0,"4,130",BrkSide,3,73,"52,000"
712,"1,178",2,1.0,1,"8,712",IDOTRR,4,110,"102,776"
713,"1,228",2,2.0,2,"4,671",StoneBr,8,20,"189,000"
714,960,3,1.0,2,"9,873",BrkSide,4,36,"129,000"
715,"1,479",3,2.5,2,"13,517",Sawyer,6,34,"130,500"
716,"1,350",3,2.0,2,"10,140",NWAmes,6,35,"165,000"
717,"2,554",3,1.5,2,"10,800",OldTown,7,117,"159,500"
718,"1,178",3,1.5,2,"10,000",NWAmes,5,35,"157,000"
719,"2,418",3,2.5,3,"10,542",NoRidge,7,15,"341,000"
720,971,3,1.5,1,"9,920",CollgCr,5,37,"128,500"
721,"1,742",2,2.0,2,"6,563",StoneBr,8,21,"275,000"
722,848,1,1.0,2,"4,426",CollgCr,6,6,"143,000"
723,864,3,1.0,2,"8,120",NAmes,4,39,"124,500"
724,"1,470",4,2.0,1,"8,172",Edwards,4,54,"135,000"
725,"1,698",3,2.0,3,"13,286",Edwards,9,2,"320,000"
726,864,3,1.0,2,"6,960",NAmes,4,39,"120,500"
727,"1,680",3,2.0,2,"21,695",Crawfor,6,21,"222,000"
728,"1,232",2,2.0,2,"7,314",CollgCr,7,2,"194,500"
729,"1,776",4,2.0,3,"11,475",NAmes,5,51,"110,000"
730,"1,208",2,1.0,2,"6,240",IDOTRR,4,84,"103,000"
731,"1,616",2,2.0,2,"5,389",StoneBr,8,15,"236,500"
732,"1,146",3,2.0,2,"9,590",Timber,7,4,"187,500"
733,"2,031",3,2.5,2,"11,404",CollgCr,7,10,"222,500"
734,"1,144",3,1.0,1,"10,000",Sawyer,5,48,"131,400"
735,948,3,1.0,1,"8,978",Sawyer,5,39,"108,000"
736,"1,768",2,1.5,2,"10,800",OldTown,7,92,"163,000"
737,"1,040",2,2.0,2,"8,544",NAmes,3,56,"93,500"
738,"1,801",3,2.5,3,"10,463",Gilbert,8,1,"239,900"
739,"1,200",3,3.0,0,"10,800",Edwards,5,22,"179,000"
740,"1,728",3,2.5,2,"9,313",CollgCr,7,5,"190,000"
741,"1,432",2,2.0,2,"9,600",OldTown,5,97,"132,000"
742,912,3,1.0,1,"6,768",Sawyer,6,47,"142,000"
743,"1,349",3,2.0,2,"8,450",SawyerW,7,7,"179,000"
744,"1,464",3,2.0,2,"12,886",Sawyer,5,46,"175,000"
745,"1,337",2,2.0,2,"5,395",StoneBr,8,15,"180,000"
746,"2,715",4,3.5,2,"8,963",NWAmes,8,32,"299,800"
747,"2,256",4,2.5,2,"8,795",Gilbert,7,9,"236,000"
748,"2,640",4,1.5,4,"11,700",OldTown,7,129,"265,979"
749,"1,720",3,2.0,2,"10,593",NoRidge,7,14,"260,400"
750,"1,529",4,2.0,1,"8,405",Edwards,4,64,"98,000"
751,"1,140",3,1.0,0,"8,800",OldTown,4,100,"96,500"
752,"1,320",3,2.5,2,"7,750",Gilbert,7,4,"162,000"
753,"1,494",3,2.0,2,"9,236",CollgCr,6,9,"217,000"
754,"2,098",3,2.5,3,"10,240",NridgHt,8,1,"275,500"
755,"1,026",3,1.0,2,"7,930",NAmes,6,40,"156,000"
756,"1,471",3,2.5,2,"3,230",Somerst,6,10,"172,500"
757,"1,768",3,2.5,2,"10,769",CollgCr,8,2,"212,000"
758,"1,386",3,2.5,2,"11,616",Sawyer,6,32,"158,900"
759,"1,501",3,2.5,2,"2,280",Somerst,7,9,"179,400"
760,"2,531",4,2.5,3,"12,257",NoRidge,8,12,"290,000"
761,864,2,1.0,1,"9,100",NAmes,6,50,"127,500"
762,"1,301",2,1.0,2,"6,911",BrkSide,5,85,"100,000"
763,"1,547",3,2.5,2,"8,640",Somerst,7,1,"215,200"
764,"2,365",3,2.5,3,"9,430",NoRidge,8,10,"337,000"
765,"1,494",2,1.5,2,"9,549",Veenker,8,11,"270,000"
766,"1,506",2,2.0,2,"14,587",Somerst,9,0,"264,132"
767,"1,714",3,2.5,2,"10,421",NWAmes,7,22,"196,500"
768,"1,750",4,2.0,1,"12,508",Mitchel,6,68,"160,000"
769,"1,836",3,2.0,2,"9,100",CollgCr,7,2,"216,837"
770,"3,279",4,3.5,3,"53,504",StoneBr,8,7,"538,000"
771,858,2,1.0,2,"7,252",Sawyer,5,27,"134,900"
772,"1,220",2,1.0,2,"8,877",Edwards,4,55,"102,000"
773,"1,117",3,1.0,2,"7,819",Edwards,6,34,"107,000"
774,912,2,1.0,1,"10,150",NAmes,5,49,"114,500"
775,"1,973",3,2.0,3,"14,226",NridgHt,8,1,"395,000"
776,"1,204",2,2.0,2,"4,500",Mitchel,6,11,"162,000"
777,"1,614",3,2.0,3,"11,210",CollgCr,7,1,"221,500"
778,894,3,1.0,2,"13,350",Sawyer,5,32,"142,500"
779,"2,020",4,2.0,2,"8,400",SawyerW,5,30,"144,000"
780,"1,004",2,1.0,2,"10,530",Mitchel,6,29,"135,000"
781,"1,253",3,2.0,2,"7,875",Gilbert,7,12,"176,000"
782,"1,603",3,2.5,2,"7,153",SawyerW,6,14,"175,900"
783,"1,430",3,2.0,2,"16,285",CollgCr,7,8,"187,100"
784,"1,110",1,1.0,2,"9,101",Mitchel,5,31,"165,500"
785,"1,484",3,2.0,0,"6,300",OldTown,6,94,"128,000"
786,"1,342",3,2.0,2,"9,790",NWAmes,6,42,"161,500"
787,"1,652",4,2.0,1,"10,800",OldTown,5,95,"139,000"
788,"2,084",4,2.5,2,"10,142",SawyerW,7,6,"233,000"
789,901,2,1.0,1,"6,000",OldTown,4,54,"107,900"
790,"2,087",5,2.5,2,"12,205",ClearCr,6,41,"187,500"
791,"1,145",2,2.0,2,"3,182",Blmngtn,7,4,"160,200"
792,"1,062",3,1.0,2,"11,333",Mitchel,6,31,"146,800"
793,"2,013",3,2.5,2,"9,920",NoRidge,7,11,"269,790"
794,"1,496",3,2.0,2,"9,158",Somerst,8,0,"225,000"
795,"1,895",3,2.5,2,"10,832",Gilbert,7,14,"194,500"
796,"1,564",3,2.5,2,"8,400",SawyerW,6,30,"171,000"
797,"1,285",3,1.5,2,"8,197",Sawyer,6,30,"143,500"
798,773,2,1.0,1,"7,677",NAmes,5,55,"110,000"
799,"3,140",4,3.5,3,"13,518",NridgHt,9,1,"485,000"
800,"1,768",3,1.5,1,"7,200",SWISU,5,70,"175,000"
801,"1,688",4,2.5,2,"12,798",ClearCr,6,11,"200,000"
802,"1,196",2,1.0,2,"4,800",IDOTRR,4,91,"109,900"
803,"1,456",3,2.5,2,"8,199",CollgCr,7,3,"189,000"
804,"2,822",4,3.5,3,"13,891",NridgHt,9,1,"582,933"
805,"1,128",2,1.0,1,"9,000",NAmes,5,52,"118,000"
806,"1,428",3,2.0,2,"12,274",Somerst,7,0,"227,680"
807,980,3,2.0,1,"9,750",NAmes,5,39,"135,500"
808,"1,576",3,1.5,2,"21,384",BrkSide,5,86,"223,500"
809,"1,086",3,1.0,2,"13,400",NAmes,5,40,"159,950"
810,"2,138",2,2.0,2,"8,100",OldTown,5,111,"106,000"
811,"1,309",3,1.5,2,"10,140",NWAmes,6,32,"181,000"
812,848,1,1.0,2,"4,438",CollgCr,6,4,"144,500"
813,"1,044",2,1.0,2,"8,712",IDOTRR,5,58,"55,993"
814,"1,442",4,1.5,1,"9,750",NAmes,6,49,"157,900"
815,"1,250",3,1.5,1,"8,248",Edwards,5,88,"116,000"
816,"1,661",3,2.0,2,"12,137",CollgCr,7,12,"224,900"
817,"1,008",2,1.0,1,"11,425",NAmes,5,52,"137,000"
818,"1,689",3,2.0,3,"13,265",Mitchel,8,6,"271,000"
819,"1,052",3,1.0,2,"8,816",ClearCr,6,39,"155,000"
820,"1,358",2,2.0,2,"6,371",NridgHt,7,1,"224,000"
821,"1,640",3,2.5,2,"7,226",CollgCr,7,5,"183,000"
822,936,2,1.0,2,"6,000",OldTown,4,56,"93,000"
823,"1,733",3,2.5,2,"12,394",Gilbert,7,4,"225,000"
824,"1,489",3,2.0,1,"9,900",SWISU,6,69,"139,500"
825,"1,489",3,2.0,2,"11,216",Somerst,8,0,"232,600"
826,"2,084",2,2.0,3,"14,803",NridgHt,10,1,"385,000"
827,784,2,1.0,0,"6,130",BrkSide,5,84,"109,500"
828,"1,434",3,2.0,2,"8,529",SawyerW,7,8,"189,000"
829,"2,126",3,2.5,2,"28,698",ClearCr,5,42,"185,000"
830,"1,223",2,2.5,2,"2,544",Somerst,7,1,"147,400"
831,"1,392",3,1.5,2,"11,900",NAmes,6,51,"166,000"
832,"1,200",2,2.5,2,"3,180",Somerst,7,1,"151,000"
833,"1,829",3,2.5,2,"9,548",CollgCr,7,7,"237,000"
834,"1,516",3,1.5,2,"10,004",NAmes,6,45,"167,000"
835,"1,144",3,1.0,2,"7,875",NAmes,5,47,"139,950"
836,"1,067",2,2.0,2,"9,600",Sawyer,4,60,"128,000"
837,"1,559",2,1.0,2,"8,100",OldTown,5,59,"153,500"
838,987,2,1.5,1,"1,680",BrDale,6,35,"100,000"
839,"1,099",3,1.5,1,"9,525",CollgCr,5,13,"144,000"
840,"1,200",3,1.0,1,"11,767",Edwards,5,62,"130,500"
841,"1,482",4,2.0,1,"12,155",SWISU,6,83,"140,000"
842,"1,539",3,2.0,2,"10,440",OldTown,5,104,"157,500"
843,"1,165",3,1.5,2,"9,020",NAmes,6,42,"174,900"
844,"1,800",6,2.0,0,"8,000",NAmes,5,46,"141,000"
845,"1,416",4,1.5,3,"12,665",OldTown,5,93,"153,900"
846,"1,701",3,2.0,2,"16,647",Sawyer,5,32,"171,000"
847,"1,775",3,2.5,2,"9,317",SawyerW,7,16,"213,000"
848,864,3,1.0,1,"15,523",CollgCr,5,37,"133,500"
849,"2,358",5,3.0,2,"45,600",ClearCr,6,100,"240,000"
850,"1,855",3,2.5,2,"9,600",Veenker,6,31,"187,000"
851,848,1,1.0,2,"4,435",CollgCr,6,4,"131,500"
852,"1,456",2,2.0,2,"3,196",Blmngtn,8,3,"215,000"
853,"1,646",4,2.0,1,"7,128",Crawfor,7,66,"164,000"
854,"1,445",3,1.5,2,"12,095",NAmes,6,45,"158,000"
855,"1,779",3,1.5,2,"17,920",Sawyer,5,51,"170,000"
856,"1,040",3,1.5,1,"6,897",Sawyer,5,48,"127,000"
857,"1,026",3,1.0,2,"10,970",CollgCr,6,30,"147,000"
858,"1,481",3,2.5,2,"8,125",Gilbert,6,15,"174,000"
859,"1,370",3,2.0,2,"10,400",NWAmes,7,33,"152,000"
860,"2,654",4,2.5,2,"11,029",NWAmes,6,38,"250,000"
861,"1,426",3,1.5,1,"7,642",Crawfor,7,89,"189,950"
862,"1,039",3,1.5,2,"11,625",Sawyer,5,45,"131,500"
863,"1,097",3,2.0,2,"9,672",SawyerW,6,26,"152,000"
864,"1,148",3,1.0,1,"7,931",NAmes,5,50,"132,500"
865,"1,372",3,2.0,2,"8,640",Somerst,7,1,"250,580"
866,"1,002",3,1.0,2,"8,750",NAmes,5,39,"148,500"
867,"1,646",3,2.0,3,"10,656",Timber,8,1,"248,900"
868,"1,120",3,1.5,2,"6,970",Sawyer,4,46,"129,000"
869,"2,320",2,2.0,2,"14,762",Gilbert,5,58,"169,000"
870,"1,949",3,2.5,2,"9,938",SawyerW,7,17,"236,000"
871,894,2,1.0,1,"6,600",NAmes,5,47,"109,500"
872,"1,682",3,2.5,2,"8,750",CollgCr,6,12,"200,500"
873,910,3,1.0,2,"8,892",NAmes,5,55,"116,000"
874,"1,268",3,1.0,1,"12,144",NAmes,5,60,"133,000"
875,"1,131",3,1.5,1,"5,720",OldTown,5,68,"66,500"
876,"2,610",4,2.5,2,"9,000",Somerst,8,0,"303,477"
877,"1,040",3,1.0,2,"25,286",Mitchel,4,44,"132,250"
878,"2,224",4,2.5,3,"8,834",NridgHt,9,5,"350,000"
879,"1,155",3,1.0,2,"11,782",Sawyer,5,49,"148,000"
880,864,3,1.0,1,"7,000",CollgCr,5,31,"136,500"
881,"1,090",2,1.5,2,"7,024",Edwards,5,2,"157,000"
882,"1,717",3,2.5,2,"13,758",Timber,7,17,"187,500"
883,"1,593",3,2.5,2,"9,636",Gilbert,6,17,"178,000"
884,"2,230",5,1.0,1,"6,204",SWISU,4,94,"118,500"
885,892,3,1.0,1,"7,150",NAmes,5,42,"100,000"
886,"1,709",2,2.0,2,"5,119",Somerst,9,9,"328,900"
887,"1,712",4,2.0,2,"8,393",NAmes,5,47,"145,000"
888,"1,393",3,1.5,1,"16,466",Edwards,5,53,"135,500"
889,"2,217",4,2.0,2,"15,865",NAmes,8,37,"268,000"
890,"1,505",2,1.0,2,"12,160",NAmes,6,56,"149,500"
891,924,3,1.0,2,"8,064",NAmes,5,58,"122,900"
892,"1,683",3,2.5,2,"11,184",Sawyer,6,31,"172,500"
893,"1,068",3,1.0,1,"8,414",Sawyer,6,43,"154,500"
894,"1,383",3,1.0,1,"13,284",Sawyer,5,54,"165,000"
895,"1,535",4,2.0,2,"7,018",SawyerW,5,30,"118,858"
896,"1,796",4,1.5,2,"7,056",NAmes,6,45,"140,000"
897,951,2,1.0,1,"8,765",IDOTRR,4,70,"106,500"
898,"2,240",6,2.0,2,"7,018",SawyerW,5,30,"142,953"
899,"2,364",2,2.5,3,"12,919",NridgHt,9,1,"611,657"
900,"1,236",3,1.0,1,"6,993",Sawyer,5,45,"135,000"
901,858,2,1.0,1,"7,340",NAmes,4,36,"110,000"
902,"1,306",2,1.0,1,"8,712",NAmes,5,52,"153,000"
903,"1,509",3,2.5,2,"7,875",Gilbert,7,3,"180,000"
904,"1,670",3,2.0,3,"14,859",Gilbert,7,0,"240,000"
905,902,3,1.0,1,"6,173",Sawyer,5,40,"125,500"
906,"1,063",3,1.0,1,"9,920",NAmes,5,56,"128,000"
907,"1,636",3,2.0,3,"13,501",Somerst,8,1,"255,000"
908,"2,057",3,1.5,1,"11,500",Crawfor,7,70,"250,000"
909,902,2,1.0,2,"8,885",Mitchel,5,23,"131,000"
910,"1,484",3,2.5,2,"12,589",Gilbert,6,4,"174,000"
911,"2,274",5,2.0,2,"11,600",NAmes,5,50,"154,300"
912,"1,268",3,1.5,1,"9,286",CollgCr,5,32,"143,500"
913,"1,015",3,1.0,1,"6,120",BrkSide,5,81,"88,000"
914,"2,002",4,2.0,3,"6,270",Crawfor,5,58,"145,000"
915,"1,224",2,2.5,2,"3,000",Somerst,6,0,"173,733"
916,"1,092",3,1.5,1,"2,001",MeadowV,4,37,"75,000"
917,480,1,0.0,1,"9,000",IDOTRR,2,57,"35,311"
918,"1,229",3,1.0,1,"17,140",Edwards,4,53,"135,000"
919,"2,127",4,2.5,3,"13,125",SawyerW,7,16,"238,000"
920,"1,414",3,1.0,2,"11,029",NAmes,6,50,"176,500"
921,"1,721",3,2.5,2,"8,462",SawyerW,6,13,"201,000"
922,"2,200",4,3.0,0,"8,777",Edwards,5,108,"145,900"
923,"1,316",3,2.0,2,"10,237",Gilbert,6,1,"169,990"
924,"1,617",2,2.0,2,"8,012",SawyerW,6,15,"193,000"
925,"1,686",3,2.0,2,"10,240",NWAmes,6,26,"207,500"
926,"1,126",3,2.0,2,"15,611",NWAmes,5,31,"175,000"
927,"2,374",4,2.5,3,"11,999",NridgHt,8,4,"285,000"
928,"1,978",4,2.5,2,"9,900",NWAmes,7,40,"176,000"
929,"1,788",3,2.0,2,"11,838",CollgCr,8,8,"236,500"
930,"2,236",4,2.5,2,"13,006",Gilbert,7,9,"222,000"
931,"1,466",3,2.0,3,"8,925",Timber,8,2,"201,000"
932,925,2,1.0,1,"9,100",NAmes,5,44,"117,500"
933,"1,905",3,2.0,3,"11,670",Somerst,9,1,"320,000"
934,"1,500",3,2.0,2,"8,487",CollgCr,7,5,"190,000"
935,"2,069",4,2.0,2,"27,650",NAmes,7,48,"242,000"
936,747,1,1.0,2,"5,825",BrkSide,4,80,"79,900"
937,"1,200",2,2.0,2,"10,083",SawyerW,7,6,"184,900"
938,"1,971",3,2.5,2,"9,675",Somerst,7,4,"253,000"
939,"1,962",3,2.5,3,"8,760",CollgCr,7,0,"239,799"
940,"2,403",4,2.0,1,"24,090",ClearCr,7,70,"244,400"
941,"1,728",4,2.0,2,"12,640",Mitchel,6,30,"150,900"
942,"2,060",3,2.5,2,"8,755",Gilbert,7,10,"214,000"
943,"1,440",4,2.0,0,"7,711",Edwards,4,30,"150,000"
944,"1,632",4,2.0,2,"25,000",Mitchel,5,40,"143,000"
945,"1,344",3,1.0,2,"14,375",Timber,6,51,"137,500"
946,"1,869",2,1.0,2,"8,820",OldTown,5,119,"124,900"
947,"1,144",3,1.0,1,"8,163",NAmes,5,47,"143,000"
948,"1,629",3,2.0,3,"14,536",Timber,8,5,"270,000"
949,"1,776",3,2.5,2,"14,006",CollgCr,7,4,"192,500"
950,"1,381",3,1.5,2,"9,360",NWAmes,6,38,"197,500"
951,864,3,1.0,2,"7,200",NAmes,5,57,"129,000"
952,965,3,1.0,1,"7,800",SawyerW,5,41,"119,900"
953,768,2,1.0,1,"7,200",CollgCr,5,37,"133,900"
954,"1,968",4,2.5,2,"11,075",Mitchel,5,39,"172,000"
955,980,4,2.0,0,"9,400",Edwards,6,31,"127,500"
956,"1,958",4,2.0,2,"7,136",Crawfor,6,61,"145,000"
957,"1,229",2,1.5,2,"1,300",Blueste,6,29,"124,000"
958,"1,057",3,1.0,2,"7,420",Sawyer,5,45,"132,000"
959,"1,337",3,2.0,2,"8,450",CollgCr,7,4,"185,000"
960,"1,416",3,2.5,2,"2,572",Somerst,7,11,"155,000"
961,858,2,1.0,0,"7,207",BrkSide,5,52,"116,500"
962,"2,872",4,2.5,2,"12,227",NWAmes,6,31,"272,000"
963,"1,548",3,2.5,2,"2,308",NPkVill,6,31,"155,000"
964,"1,800",2,2.0,2,"11,923",CollgCr,9,2,"239,000"
965,"1,894",4,2.5,2,"11,316",Timber,7,8,"214,900"
966,"1,484",3,2.5,2,"10,237",Gilbert,6,2,"178,900"
967,"1,308",2,1.5,1,"9,600",Crawfor,5,69,"160,000"
968,"1,098",3,1.0,1,"7,390",NAmes,5,53,"135,000"
969,968,2,1.0,0,"5,925",OldTown,3,99,"37,900"
970,"1,095",2,1.0,1,"10,382",NAmes,6,48,"140,000"
971,"1,192",4,1.5,0,"10,800",NAmes,4,57,"135,000"
972,"1,626",2,2.0,2,"2,268",NridgHt,7,6,"173,000"
973,918,2,2.0,1,"7,892",SawyerW,6,31,"99,500"
974,"1,428",3,2.0,2,"11,639",Somerst,7,1,"182,000"
975,"2,019",3,1.0,2,"11,414",BrkSide,7,99,"167,500"
976,"1,382",3,2.5,2,"2,651",Somerst,7,6,"165,000"
977,869,2,1.0,0,"5,900",BrkSide,4,83,"85,500"
978,"1,241",1,1.5,2,"4,274",Somerst,7,1,"199,900"
979,894,3,1.0,2,"9,450",Edwards,4,53,"110,000"
980,"1,121",3,1.0,2,"8,816",Sawyer,5,46,"139,000"
981,999,3,1.0,2,"12,122",NAmes,7,47,"178,400"
982,"2,612",4,2.5,3,"12,203",NoRidge,8,11,"336,000"
983,"1,266",2,2.0,2,"3,182",Blmngtn,7,1,"159,895"
984,"2,290",4,2.5,2,"11,250",CollgCr,8,6,"255,900"
985,"1,734",4,2.0,2,"10,125",Mitchel,5,32,"126,000"
986,"1,164",3,1.0,1,"10,880",Edwards,5,58,"125,000"
987,"1,635",2,1.0,1,"5,310",OldTown,6,96,"117,000"
988,"1,940",3,2.5,3,"10,159",NridgHt,9,1,"395,192"
989,"2,030",4,2.5,2,"12,046",NWAmes,6,31,"195,000"
990,"1,576",3,2.5,2,"8,125",Somerst,7,0,"197,000"
991,"2,392",3,2.5,3,"9,452",NoRidge,8,9,"348,000"
992,"1,742",4,1.5,2,"17,671",OldTown,8,127,"168,000"
993,"1,851",3,2.5,2,"9,760",NAmes,6,43,"187,000"
994,"1,500",3,2.5,2,"8,846",CollgCr,6,1,"173,900"
995,"1,718",3,2.0,3,"12,456",NridgHt,10,3,"337,500"
996,"1,230",3,1.5,1,"4,712",BrkSide,4,60,"121,600"
997,"1,050",3,1.0,1,"10,659",NAmes,5,45,"136,500"
998,"1,442",2,2.0,2,"11,717",NWAmes,6,39,"185,000"
999,"1,077",3,1.0,1,"9,786",IDOTRR,3,84,"91,000"
1000,"1,208",2,2.0,2,"6,762",CollgCr,7,4,"206,000"
1001,944,2,1.0,2,"10,206",Edwards,3,57,"82,000"
1002,691,2,1.0,1,"5,400",OldTown,5,87,"86,000"
1003,"1,574",3,2.0,3,"11,957",Somerst,8,2,"232,000"
1004,"1,680",4,2.0,2,"11,500",NWAmes,5,31,"136,905"
1005,"1,504",1,2.0,2,"3,182",Blmngtn,7,4,"181,000"
1006,985,3,2.0,1,"8,385",CollgCr,5,31,"149,900"
1007,"1,657",3,2.0,2,"12,155",NAmes,6,37,"163,500"
1008,"1,092",3,1.5,1,"2,217",MeadowV,4,39,"88,000"
1009,"1,710",3,2.0,2,"12,118",Mitchel,7,5,"240,000"
1010,"1,522",4,2.0,0,"6,000",SWISU,5,80,"102,000"
1011,"1,271",4,2.0,1,"21,286",Sawyer,5,60,"135,000"
1012,"1,664",4,2.0,0,"9,825",Edwards,5,45,"100,000"
1013,"1,502",3,1.5,1,"10,592",Crawfor,6,84,"165,000"
1014,"1,022",2,1.0,1,"7,200",OldTown,5,99,"85,000"
1015,"1,082",2,1.0,1,"11,664",NAmes,6,59,"119,200"
1016,"1,665",3,2.5,2,"8,400",NWAmes,8,8,"227,000"
1017,"1,504",3,2.0,2,"11,883",CollgCr,7,13,"203,000"
1018,"1,360",1,1.0,2,"5,814",StoneBr,8,25,"187,500"
1019,"1,472",3,2.5,2,"10,784",Gilbert,7,16,"160,000"
1020,"1,506",2,2.0,2,"3,013",Blmngtn,7,1,"213,490"
1021,"1,132",2,1.5,2,"7,024",Edwards,4,3,"176,000"
1022,"1,220",2,2.0,2,"7,406",CollgCr,7,0,"194,000"
1023,"1,248",2,1.0,1,"9,439",OldTown,5,77,"87,000"
1024,"1,504",2,2.0,2,"3,182",Blmngtn,7,3,"191,000"
1025,"2,898",2,2.0,2,"15,498",Timber,8,32,"287,000"
1026,882,3,1.0,2,"7,700",CollgCr,5,35,"112,500"
1027,"1,264",3,1.0,2,"9,300",NAmes,5,50,"167,500"
1028,"1,646",3,2.0,3,"9,520",Timber,8,1,"293,077"
1029,"1,376",3,1.0,1,"9,492",NAmes,5,66,"105,000"
1030,"1,218",3,1.5,1,"1,680",BrDale,6,34,"118,000"
1031,"1,928",5,2.0,0,"7,082",SWISU,5,90,"160,000"
1032,"3,082",5,2.5,2,"15,863",SWISU,7,89,"197,000"
1033,"2,520",5,2.5,3,"14,541",NoRidge,8,13,"310,000"
1034,"1,654",3,2.0,3,"8,125",CollgCr,7,4,"230,000"
1035,954,2,1.0,1,"6,305",Crawfor,5,69,"119,750"
1036,845,3,1.0,1,"11,500",Edwards,4,52,"84,000"
1037,"1,620",2,2.0,3,"12,898",Timber,9,2,"315,500"
1038,"2,263",3,2.5,2,"9,240",CollgCr,8,7,"287,000"
1039,"1,344",3,1.5,0,"1,533",MeadowV,4,39,"97,000"
1040,630,1,1.0,1,"1,477",MeadowV,4,39,"80,000"
1041,"1,803",3,2.0,2,"13,125",Sawyer,5,49,"155,000"
1042,"1,632",4,1.5,2,"9,130",NWAmes,6,42,"173,000"
1043,"1,306",1,2.0,2,"5,381",NridgHt,6,4,"196,000"
1044,"2,329",4,2.5,2,"11,839",SawyerW,7,18,"262,280"
1045,"2,524",4,2.5,2,"9,600",NWAmes,8,28,"278,000"
1046,"1,733",4,2.0,2,"13,680",Edwards,3,54,"139,600"
1047,"2,868",4,3.5,3,"16,056",StoneBr,9,1,"556,581"
1048,990,3,1.0,2,"9,245",CollgCr,5,14,"145,000"
1049,"1,771",3,1.0,2,"21,750",Mitchel,5,49,"115,000"
1050,930,2,1.0,1,"11,100",Edwards,4,64,"84,900"
1051,"1,302",3,2.0,2,"8,993",Gilbert,7,0,"176,485"
1052,"1,316",3,2.0,2,"11,175",CollgCr,7,0,"200,141"
1053,"1,977",4,1.5,2,"9,500",NAmes,6,43,"165,000"
1054,"1,526",4,1.0,1,"8,562",Edwards,5,53,"144,500"
1055,"1,989",3,2.5,2,"11,367",CollgCr,8,4,"255,000"
1056,"1,523",3,2.0,2,"11,361",NWAmes,6,32,"180,000"
1057,"1,364",2,2.0,2,"7,052",NridgHt,7,1,"185,850"
1058,"1,850",3,2.5,2,"29,959",NoRidge,7,15,"248,000"
1059,"2,184",3,2.5,3,"11,308",NridgHt,9,1,"335,000"
1060,"1,991",3,1.5,2,"11,275",Crawfor,6,75,"220,000"
1061,"1,338",2,2.0,2,"4,920",StoneBr,8,9,"213,500"
1062,894,2,1.0,3,"18,000",IDOTRR,3,73,"81,000"
1063,"2,337",5,2.0,2,"13,600",OldTown,5,107,"90,000"
1064,"1,103",2,1.0,2,"6,000",OldTown,6,81,"110,500"
1065,"1,154",3,1.5,2,"11,000",NAmes,5,43,"154,000"
1066,"2,260",3,2.5,2,"14,000",ClearCr,7,14,"328,000"
1067,"1,571",3,2.5,2,"7,837",Gilbert,6,16,"178,000"
1068,"1,611",4,1.5,2,"9,760",NAmes,6,44,"167,900"
1069,"2,521",5,2.5,2,"3,964",MeadowV,6,33,"151,400"
1070,893,2,1.0,2,"9,600",NAmes,5,58,"135,000"
1071,"1,048",3,1.0,1,"10,152",NAmes,5,51,"135,000"
1072,"1,556",4,1.5,2,"11,700",NWAmes,6,41,"154,000"
1073,"1,456",4,1.0,1,"7,585",Edwards,5,58,"91,500"
1074,"1,426",3,1.5,2,"7,950",Edwards,6,32,"159,500"
1075,"1,240",2,2.0,3,"8,556",CollgCr,7,1,"194,000"
1076,"1,740",3,1.5,1,"13,125",Crawfor,7,67,"219,500"
1077,"1,466",3,2.0,2,"10,800",OldTown,5,70,"170,000"
1078,"1,096",3,1.0,1,"15,870",NAmes,5,37,"138,800"
1079,848,1,1.0,2,"4,435",CollgCr,6,2,"155,900"
1080,990,3,1.0,1,"8,775",CollgCr,5,13,"126,000"
1081,"1,258",3,2.0,2,"11,040",NWAmes,6,37,"145,000"
1082,"1,040",3,1.5,1,"7,500",Sawyer,5,47,"133,000"
1083,"1,459",3,2.0,2,"8,749",CollgCr,7,5,"192,000"
1084,"1,251",3,1.0,1,"8,800",NAmes,6,42,"160,000"
1085,"1,498",3,2.5,2,"13,031",Gilbert,6,11,"187,500"
1086,996,2,1.0,2,"9,069",SawyerW,6,18,"147,000"
1087,"1,092",3,1.5,1,"1,974",MeadowV,4,37,"83,500"
1088,"1,953",3,2.5,3,"10,574",Somerst,8,4,"252,000"
1089,"1,709",3,2.0,2,"2,522",Edwards,7,2,"137,500"
1090,"1,247",1,1.5,2,"3,316",Somerst,8,1,"197,000"
1091,"1,040",2,2.0,2,"8,544",NAmes,3,59,"92,900"
1092,"1,252",2,2.5,2,"2,160",Somerst,7,9,"160,000"
1093,"1,694",4,2.0,2,"8,400",SWISU,6,83,"136,500"
1094,"1,200",1,1.5,2,"9,230",NAmes,5,41,"146,000"
1095,936,2,1.0,1,"5,868",NAmes,5,54,"129,000"
1096,"1,314",3,2.0,2,"9,317",CollgCr,6,1,"176,432"
1097,"1,355",3,1.5,0,"6,882",IDOTRR,6,93,"127,000"
1098,"1,088",2,1.5,2,"3,696",StoneBr,8,21,"170,000"
1099,"1,324",3,1.0,1,"6,000",BrkSide,4,73,"128,000"
1100,"1,601",3,2.0,2,"11,880",NWAmes,7,31,"157,000"
1101,438,1,1.0,1,"8,400",SWISU,2,89,"60,000"
1102,950,3,1.0,1,"9,758",NAmes,5,36,"119,500"
1103,"1,134",2,1.0,1,"7,000",NAmes,5,47,"135,000"
1104,"1,194",3,1.0,2,"8,910",NAmes,6,47,"159,500"
1105,"1,302",3,2.5,2,"2,016",BrDale,5,37,"106,000"
1106,"2,622",3,2.5,2,"12,256",NoRidge,8,16,"325,000"
1107,"1,442",3,2.0,2,"10,357",SawyerW,7,17,"179,900"
1108,"2,021",3,2.5,2,"23,257",Gilbert,7,0,"274,725"
1109,"1,690",3,2.5,2,"8,063",Gilbert,6,7,"181,000"
1110,"1,836",3,2.0,3,"11,362",NridgHt,8,5,"280,000"
1111,"1,658",3,2.5,2,"8,000",Gilbert,6,13,"188,000"
1112,"1,964",4,2.5,2,"10,480",NWAmes,7,32,"205,000"
1113,816,2,1.0,1,"7,100",NAmes,5,49,"129,900"
1114,"1,008",2,1.0,1,"8,923",NAmes,5,54,"134,500"
1115,833,2,1.0,1,"5,400",OldTown,5,52,"117,000"
1116,"1,734",3,2.0,3,"12,085",NridgHt,8,0,"318,000"
1117,"1,419",3,2.5,2,"7,750",Gilbert,8,7,"184,100"
1118,894,3,1.0,2,"9,764",Sawyer,5,41,"130,000"
1119,"1,601",3,1.0,1,"13,825",Sawyer,5,50,"140,000"
1120,"1,040",3,1.0,1,"7,560",NAmes,5,47,"133,700"
1121,"1,012",2,1.0,1,"8,263",IDOTRR,6,87,"118,400"
1122,"1,552",3,2.0,3,"10,084",CollgCr,7,1,"212,900"
1123,960,3,1.0,1,"8,926",Edwards,4,53,"112,000"
1124,698,2,1.0,0,"9,405",Edwards,5,62,"118,000"
1125,"1,482",3,2.5,2,"9,125",Gilbert,7,15,"163,900"
1126,"1,005",2,1.0,2,"10,434",NAmes,4,54,"115,000"
1127,"1,555",2,2.0,3,"3,684",Blmngtn,7,2,"174,000"
1128,"1,530",3,2.0,3,"14,572",Gilbert,7,3,"259,000"
1129,"1,959",4,2.5,2,"11,796",Gilbert,7,3,"215,000"
1130,936,2,1.0,2,"7,200",OldTown,5,27,"140,000"
1131,"1,981",4,2.0,2,"7,804",SWISU,4,81,"135,000"
1132,974,3,1.0,0,"10,712",Mitchel,5,16,"93,500"
1133,"2,210",5,2.0,1,"9,900",OldTown,6,127,"117,500"
1134,"2,020",3,2.5,2,"9,828",SawyerW,8,14,"239,500"
1135,"1,600",3,2.5,2,"8,773",Gilbert,6,10,"169,000"
1136,986,2,1.0,1,"6,180",BrkSide,6,81,"102,000"
1137,"1,252",3,1.0,1,"9,600",NAmes,6,58,"119,000"
1138,"1,020",2,1.0,0,"6,342",Sawyer,5,135,"94,000"
1139,"1,567",2,2.0,2,"9,819",Mitchel,6,32,"196,000"
1140,"1,167",3,1.0,2,"8,731",BrkSide,5,87,"144,000"
1141,952,2,1.0,2,"7,350",NAmes,5,57,"139,000"
1142,"1,868",4,2.5,2,"10,304",NWAmes,5,33,"197,500"
1143,"2,828",4,3.0,3,"9,965",CollgCr,8,1,"424,870"
1144,"1,006",3,1.0,0,"9,000",Sawyer,5,49,"80,000"
1145,924,2,1.0,1,"12,180",Edwards,4,69,"80,000"
1146,"1,576",3,1.0,1,"6,240",BrkSide,5,78,"149,000"
1147,"1,298",3,2.0,2,"11,200",SawyerW,6,21,"180,000"
1148,"1,564",3,1.5,1,"12,000",Crawfor,7,68,"174,500"
1149,"1,111",2,1.0,1,"5,700",OldTown,7,82,"116,900"
1150,"1,482",3,1.0,2,"9,000",OldTown,7,89,"143,000"
1151,932,2,1.0,1,"8,280",NAmes,6,57,"124,000"
1152,"1,466",3,1.5,2,"17,755",Edwards,5,47,"149,900"
1153,"1,811",2,1.0,2,"14,115",Crawfor,6,50,"230,000"
1154,816,2,1.0,1,"5,890",IDOTRR,6,78,"120,500"
1155,"1,820",4,2.0,2,"13,700",NAmes,7,43,"201,800"
1156,"1,437",3,2.0,2,"10,768",Veenker,5,31,"218,000"
1157,"1,265",3,2.0,2,"9,350",NAmes,5,43,"179,900"
1158,"1,314",2,2.0,2,"5,001",NridgHt,7,2,"230,000"
1159,"1,580",3,2.0,3,"11,932",Somerst,8,1,"235,128"
1160,"1,876",4,2.5,2,"9,120",NWAmes,6,34,"185,000"
1161,"1,456",3,2.5,2,"2,280",NPkVill,6,32,"146,000"
1162,"1,640",3,1.0,2,"14,778",Crawfor,6,54,"224,000"
1163,894,3,1.0,2,"8,724",Sawyer,5,39,"129,000"
1164,"1,258",0,1.0,2,"12,900",Sawyer,4,39,"108,959"
1165,"1,432",2,1.5,2,"16,157",Veenker,5,29,"194,000"
1166,"1,502",3,2.0,2,"9,541",NridgHt,7,0,"233,170"
1167,"1,694",3,2.0,3,"10,475",CollgCr,8,2,"245,350"
1168,"1,671",3,2.5,2,"10,852",Gilbert,6,6,"173,000"
1169,"2,108",4,2.0,2,"13,728",Edwards,6,73,"235,000"
1170,"3,627",4,3.5,3,"35,760",NoRidge,10,11,"625,000"
1171,"1,118",3,1.0,1,"9,880",Mitchel,6,31,"171,000"
1172,"1,261",3,1.0,2,"9,120",NAmes,6,50,"163,000"
1173,"1,250",2,2.5,2,"4,017",Somerst,7,2,"171,900"
1174,"3,086",3,3.0,0,"18,030",ClearCr,5,61,"200,500"
1175,"2,345",4,2.5,2,"16,560",Crawfor,6,74,"239,000"
1176,"2,872",4,2.5,2,"10,678",NoRidge,8,15,"285,000"
1177,923,3,1.0,1,"6,951",Mitchel,5,24,"119,500"
1178,"1,224",3,1.0,1,"3,950",OldTown,6,83,"115,000"
1179,"1,343",3,1.5,1,"7,681",Crawfor,5,88,"154,900"
1180,"1,124",3,1.0,0,"8,335",Edwards,5,52,"93,000"
1181,"2,514",4,2.5,2,"11,170",Timber,7,16,"250,000"
1182,"1,652",2,2.0,2,"5,587",Crawfor,8,0,"392,500"
1183,"4,476",4,3.5,3,"15,623",NoRidge,10,11,"745,000"
1184,"1,130",2,1.0,2,"10,800",OldTown,5,86,"120,000"
1185,"1,572",3,1.5,3,"35,133",Timber,5,44,"186,700"
1186,"1,221",4,1.0,1,"9,738",Edwards,5,82,"104,900"
1187,"1,699",3,2.0,2,"10,615",OldTown,3,109,"95,000"
1188,"1,624",2,2.0,3,"12,461",NoRidge,8,12,"262,000"
1189,"1,660",3,2.5,2,"8,935",CollgCr,7,7,"195,000"
1190,"1,804",3,2.5,2,"7,500",Gilbert,7,11,"189,000"
1191,"1,622",3,1.0,4,"32,463",Mitchel,4,46,"168,000"
1192,"1,441",2,2.5,2,"2,645",Somerst,8,8,"174,000"
1193,"1,472",3,1.0,1,"9,600",OldTown,5,82,"125,000"
1194,"1,224",2,2.0,2,"4,500",Mitchel,6,10,"165,000"
1195,"1,352",4,1.5,1,"9,364",Sawyer,6,41,"158,000"
1196,"1,456",3,2.5,2,"8,029",Gilbert,6,3,"176,000"
1197,"1,863",4,2.5,3,"14,054",Gilbert,7,0,"219,210"
1198,"1,690",3,1.0,1,"8,850",OldTown,7,90,"144,000"
1199,"1,212",3,2.0,2,"9,100",CollgCr,7,8,"178,000"
1200,"1,382",3,1.5,2,"11,235",Sawyer,4,43,"148,000"
1201,864,3,1.0,1,"9,353",NAmes,4,36,"116,050"
1202,"1,779",3,2.5,2,"10,400",CollgCr,7,11,"197,900"
1203,"1,348",3,1.0,1,"6,000",BrkSide,5,84,"117,000"
1204,"1,630",3,2.0,2,"9,750",CollgCr,7,9,"213,000"
1205,"1,074",3,1.5,2,"10,140",NWAmes,5,31,"153,500"
1206,"2,196",3,2.0,3,"14,684",SawyerW,7,19,"271,900"
1207,"1,056",2,1.0,1,"8,900",SawyerW,4,40,"107,000"
1208,"1,700",3,2.0,2,"9,135",CollgCr,6,3,"200,000"
1209,"1,283",3,1.0,2,"7,763",NAmes,5,46,"140,000"
1210,"1,660",3,2.0,2,"10,182",Somerst,8,0,"290,000"
1211,"1,845",3,2.5,2,"11,218",SawyerW,6,18,"189,000"
1212,"1,752",4,2.0,2,"12,134",Gilbert,8,22,"164,000"
1213,672,2,1.0,1,"9,340",Edwards,4,68,"113,000"
1214,960,0,0.0,1,"10,246",Sawyer,4,41,"145,000"
1215,999,3,1.0,1,"10,205",NAmes,5,44,"134,500"
1216,894,3,1.0,1,"7,094",Sawyer,5,41,"125,000"
1217,"1,902",4,2.0,2,"8,930",Sawyer,6,32,"112,000"
1218,"1,314",3,2.0,2,"8,640",Somerst,8,0,"229,456"
1219,912,2,1.0,0,"6,240",BrkSide,4,59,"80,500"
1220,"1,218",3,1.5,0,"1,680",BrDale,6,35,"91,500"
1221,912,2,1.0,1,"7,800",NAmes,5,42,"115,000"
1222,"1,211",3,1.0,1,"8,250",Sawyer,5,40,"134,000"
1223,"1,846",3,2.0,1,"10,496",NAmes,6,58,"143,000"
1224,"2,136",4,2.0,2,"10,680",NAmes,5,55,"137,900"
1225,"1,490",3,2.5,2,"15,384",Gilbert,7,4,"184,000"
1226,"1,138",3,1.0,1,"10,482",NAmes,6,49,"145,000"
1227,"1,933",4,2.5,3,"14,598",Somerst,6,1,"214,000"
1228,912,2,1.0,2,"8,872",NAmes,5,43,"147,000"
1229,"1,702",1,1.5,3,"8,769",NridgHt,9,0,"367,294"
1230,"1,507",4,2.0,1,"7,910",NAmes,5,48,"127,000"
1231,"2,620",4,3.0,2,"18,890",Sawyer,5,30,"190,000"
1232,"1,190",3,1.0,2,"7,728",NAmes,5,44,"132,500"
1233,"1,224",2,2.0,2,"9,842",NAmes,4,45,"101,800"
1234,"1,188",3,1.0,2,"12,160",NAmes,5,51,"142,000"
1235,"1,964",4,1.5,0,"8,525",SWISU,5,97,"130,000"
1236,"1,784",4,1.5,1,"13,132",Crawfor,5,92,"138,887"
1237,"1,626",2,2.5,2,"2,628",NridgHt,7,7,"175,500"
1238,"1,948",4,2.5,2,"12,393",CollgCr,7,2,"195,000"
1239,"1,141",3,1.5,2,"13,072",SawyerW,6,1,"142,500"
1240,"1,484",2,2.0,2,"9,037",Timber,8,1,"265,900"
1241,"1,768",3,2.5,2,"8,158",CollgCr,7,5,"224,900"
1242,"1,689",3,2.0,3,"9,849",Somerst,7,0,"248,328"
1243,"1,173",3,2.0,2,"10,625",NWAmes,7,36,"170,000"
1244,"2,076",2,2.5,3,"13,891",NridgHt,10,0,"465,000"
1245,"1,517",3,1.0,2,"11,435",Crawfor,8,77,"230,000"
1246,"1,868",3,3.5,2,"12,090",NWAmes,6,23,"178,000"
1247,"1,553",3,2.5,2,"8,125",Somerst,7,1,"186,500"
1248,"1,034",3,1.0,3,"12,328",Mitchel,6,34,"169,900"
1249,"2,058",3,1.5,2,"9,600",OldTown,6,91,"129,500"
1250,988,3,1.0,1,"7,200",NAmes,5,57,"119,000"
1251,"2,110",3,2.5,2,"11,160",NAmes,7,42,"244,000"
1252,"1,405",2,2.0,2,"3,136",NridgHt,7,3,"171,750"
1253,874,3,1.0,1,"9,858",Mitchel,5,41,"130,000"
1254,"2,167",3,2.5,2,"17,542",Veenker,7,33,"294,000"
1255,"1,656",3,2.5,2,"6,931",Edwards,7,5,"165,400"
1256,"1,367",3,1.0,1,"6,240",BrkSide,6,76,"127,500"
1257,"1,987",2,2.0,2,"14,303",NoRidge,8,14,"301,500"
1258,864,2,1.0,0,"4,060",Edwards,5,87,"99,900"
1259,"1,166",2,2.0,2,"9,587",Gilbert,7,3,"190,000"
1260,"1,054",3,1.5,2,"9,750",NAmes,6,39,"151,000"
1261,"1,675",3,2.5,2,"24,682",Gilbert,6,10,"181,000"
1262,"1,050",2,1.0,1,"9,600",NAmes,5,53,"128,900"
1263,"1,788",5,1.0,1,"11,250",ClearCr,4,52,"161,500"
1264,"1,824",3,1.0,2,"13,515",BrkSide,6,88,"180,500"
1265,"1,337",2,2.0,2,"4,060",NAmes,6,10,"181,000"
1266,"1,452",3,2.5,2,"3,735",Somerst,7,7,"183,900"
1267,"1,889",4,1.5,1,"10,120",OldTown,7,97,"122,000"
1268,"2,018",3,2.0,3,"13,214",Timber,9,2,"378,500"
1269,"3,447",4,3.5,3,"14,100",Crawfor,8,73,"381,000"
1270,"1,524",3,1.5,1,"11,344",NAmes,5,49,"144,000"
1271,"1,524",0,0.5,2,"23,595",ClearCr,7,31,"260,000"
1272,"1,489",3,2.0,2,"9,156",NWAmes,6,41,"185,750"
1273,935,3,1.0,1,"13,526",Sawyer,5,41,"137,000"
1274,"1,357",2,1.0,1,"11,512",Edwards,6,49,"177,000"
1275,"1,250",3,2.0,2,"5,362",Crawfor,5,97,"139,000"
1276,"1,920",4,2.0,2,"11,345",NAmes,5,59,"137,000"
1277,"1,395",3,1.5,2,"12,936",NWAmes,6,37,"162,000"
1278,"1,724",3,1.5,2,"17,871",NWAmes,6,42,"197,900"
1279,"2,031",3,2.5,2,"9,473",CollgCr,8,6,"237,000"
1280,"1,128",2,1.0,2,"7,500",IDOTRR,4,90,"68,400"
1281,"1,573",3,2.0,2,"9,808",CollgCr,7,7,"227,000"
1282,"1,339",2,2.0,2,"8,049",Timber,7,16,"180,000"
1283,"1,040",3,2.0,2,"8,800",CollgCr,5,32,"150,500"
1284,"1,824",4,3.0,0,"9,400",Mitchel,6,39,"139,000"
1285,"2,447",4,2.0,1,"9,638",SWISU,6,91,"169,000"
1286,"1,412",4,1.0,1,"6,000",BrkSide,6,70,"132,500"
1287,"1,328",3,1.5,2,"9,790",NWAmes,6,47,"143,000"
1288,"1,582",4,2.0,2,"36,500",ClearCr,5,42,"190,000"
1289,"1,659",2,2.0,2,"5,664",StoneBr,8,9,"278,000"
1290,"1,970",3,2.5,3,"11,065",NridgHt,8,0,"281,000"
1291,"1,152",3,1.0,2,"14,112",NAmes,5,46,"180,500"
1292,"1,302",3,2.5,1,"1,680",BrDale,5,37,"119,500"
1293,"2,372",4,2.0,1,"6,600",OldTown,5,117,"107,500"
1294,"1,664",4,2.5,2,"10,140",NWAmes,7,30,"162,900"
1295,864,2,1.0,2,"8,172",Edwards,5,51,"115,000"
1296,"1,052",3,1.5,1,"8,400",NAmes,5,38,"138,500"
1297,"1,128",3,2.0,2,"8,700",NAmes,5,45,"155,000"
1298,"1,072",2,2.0,2,"3,675",Edwards,6,1,"140,000"
1299,"5,642",3,2.5,2,"63,887",Edwards,10,0,"160,000"
1300,"1,246",3,1.5,1,"7,500",NAmes,5,51,"154,000"
1301,"1,983",3,2.5,2,"10,762",Gilbert,7,10,"225,000"
1302,"1,494",3,1.0,1,"7,500",Crawfor,6,67,"177,500"
1303,"2,526",4,2.5,3,"10,120",NoRidge,8,12,"290,000"
1304,"1,616",3,2.0,3,"8,688",Somerst,7,1,"232,000"
1305,"1,708",3,2.0,2,"3,363",Edwards,7,2,"130,000"
1306,"1,652",2,2.0,2,"13,173",NridgHt,9,3,"325,000"
1307,"1,368",2,2.0,2,"6,955",NridgHt,7,1,"202,500"
1308,990,3,1.0,2,"8,072",CollgCr,5,15,"138,000"
1309,"1,122",2,1.0,2,"12,000",OldTown,5,60,"147,000"
1310,"1,294",3,2.0,2,"7,153",SawyerW,6,17,"179,200"
1311,"1,902",3,2.0,2,"17,500",Crawfor,7,51,"335,000"
1312,"1,274",3,2.0,2,"8,814",CollgCr,7,2,"203,000"
1313,"2,810",4,2.5,2,"9,572",NoRidge,8,17,"302,000"
1314,"2,599",4,2.5,3,"14,774",NoRidge,9,11,"333,168"
1315,948,3,1.0,1,"8,190",Edwards,4,53,"119,000"
1316,"2,112",4,2.5,2,"11,075",NAmes,6,39,"206,900"
1317,"1,630",3,2.0,3,"10,226",CollgCr,8,1,"295,493"
1318,"1,352",2,2.0,2,"4,230",Somerst,7,1,"208,900"
1319,"1,787",3,2.0,3,"14,781",CollgCr,8,5,"275,000"
1320,948,3,1.0,1,"10,215",Edwards,4,53,"111,000"
1321,"1,478",3,1.5,2,"8,400",NAmes,6,52,"156,500"
1322,720,2,1.0,1,"6,627",BrkSide,3,59,"72,500"
1323,"1,923",3,2.5,2,"10,186",NoRidge,7,18,"190,000"
1324,708,2,1.0,0,"5,330",BrkSide,4,69,"82,500"
1325,"1,795",2,2.0,3,"9,986",Somerst,8,1,"147,000"
1326,796,2,1.0,0,"3,636",IDOTRR,4,86,"55,000"
1327,774,3,1.0,0,"4,270",Edwards,3,76,"79,000"
1328,816,3,1.0,1,"6,600",Mitchel,5,26,"130,500"
1329,"2,792",5,2.0,2,"10,440",OldTown,6,88,"256,000"
1330,"1,632",3,2.5,2,"9,084",Gilbert,7,8,"176,500"
1331,"1,588",3,2.0,3,"10,000",Somerst,8,1,"227,000"
1332,954,3,1.0,2,"10,780",CollgCr,5,30,"132,500"
1333,816,2,1.0,1,"8,877",Edwards,4,71,"100,000"
1334,"1,360",2,1.5,1,"7,200",IDOTRR,5,68,"125,500"
1335,"1,365",3,1.5,2,"2,368",BrDale,5,39,"125,000"
1336,"1,334",2,2.0,2,"9,650",NWAmes,6,32,"167,900"
1337,"1,656",4,2.0,2,"9,246",NWAmes,5,35,"135,000"
1338,693,2,1.0,0,"4,118",OldTown,4,65,"52,500"
1339,"1,861",3,2.5,2,"13,450",CollgCr,7,4,"200,000"
1340,864,3,1.0,1,"9,560",CollgCr,5,34,"128,500"
1341,872,3,1.0,4,"8,294",NAmes,4,36,"123,000"
1342,"1,114",3,1.0,2,"13,695",SawyerW,6,5,"155,000"
1343,"2,169",3,2.5,2,"9,375",CollgCr,8,5,"228,500"
1344,"1,913",3,1.5,2,"7,558",Crawfor,6,81,"177,000"
1345,"1,456",3,2.5,2,"11,103",CollgCr,7,1,"155,835"
1346,960,2,1.0,1,"6,000",OldTown,4,87,"108,500"
1347,"2,156",3,2.0,2,"20,781",NWAmes,7,38,"262,500"
1348,"1,776",3,2.0,3,"15,306",Timber,8,1,"283,463"
1349,"1,494",3,2.0,2,"16,196",SawyerW,7,9,"215,000"
1350,"2,358",4,2.0,0,"5,250",OldTown,8,136,"122,000"
1351,"2,634",6,3.0,4,"11,643",NAmes,5,40,"200,000"
1352,"1,716",4,1.5,2,"9,247",NAmes,6,46,"171,000"
1353,"1,176",2,1.0,2,"6,000",BrkSide,6,72,"134,900"
1354,"3,238",4,2.5,3,"14,720",NoRidge,8,15,"410,000"
1355,"1,865",3,2.5,3,"10,316",CollgCr,7,8,"235,000"
1356,"1,920",4,3.0,2,"10,192",NWAmes,7,38,"170,000"
1357,892,3,1.0,1,"9,477",NAmes,5,42,"110,000"
1358,"1,078",3,1.5,2,"12,537",NAmes,5,39,"149,900"
1359,"1,573",3,2.5,2,"2,117",Somerst,6,10,"177,500"
1360,"1,980",3,2.0,3,"16,737",NridgHt,9,2,"315,000"
1361,"2,601",4,3.5,2,"9,842",SWISU,5,87,"189,000"
1362,"1,530",3,2.0,2,"16,158",StoneBr,7,4,"260,000"
1363,"1,738",4,2.0,1,"12,513",NAmes,4,89,"104,900"
1364,"1,412",3,2.5,2,"8,499",Gilbert,6,1,"156,932"
1365,"1,200",2,2.5,2,"3,180",Somerst,7,1,"144,152"
1366,"1,674",3,2.5,2,"7,500",Somerst,7,10,"216,000"
1367,"1,790",3,2.5,2,"9,179",CollgCr,7,9,"193,000"
1368,"1,475",4,2.0,1,"2,665",MeadowV,5,29,"127,000"
1369,848,1,1.0,2,"4,435",CollgCr,6,6,"144,000"
1370,"1,668",3,2.0,2,"10,635",CollgCr,8,7,"232,000"
1371,"1,374",2,1.0,1,"5,400",OldTown,4,89,"105,000"
1372,"1,661",3,1.0,1,"9,600",NAmes,6,53,"165,500"
1373,"2,097",3,2.5,2,"9,750",CollgCr,7,8,"274,300"
1374,"2,633",2,2.5,3,"11,400",NoRidge,10,6,"466,500"
1375,"1,958",3,2.5,3,"10,625",Somerst,7,3,"250,000"
1376,"1,571",3,2.0,3,"10,991",Timber,8,0,"239,000"
1377,790,2,1.0,1,"6,292",SWISU,6,78,"91,000"
1378,"1,604",3,2.0,2,"10,998",Edwards,5,68,"117,000"
1379,987,2,1.5,1,"1,953",BrDale,6,33,"83,000"
1380,"1,394",3,2.5,2,"9,735",Timber,5,2,"167,500"
1381,864,2,1.0,1,"8,212",Edwards,3,96,"58,500"
1382,"2,117",4,2.5,2,"12,925",NAmes,6,38,"237,500"
1383,"1,762",4,1.5,2,"7,200",OldTown,7,86,"157,000"
1384,"1,416",3,2.0,2,"25,339",Sawyer,5,89,"112,000"
1385,"1,258",2,1.0,1,"9,060",Edwards,6,70,"105,000"
1386,"1,154",3,1.0,1,"5,436",IDOTRR,4,88,"125,500"
1387,"2,784",5,3.5,2,"16,692",NWAmes,7,28,"250,000"
1388,"2,526",5,2.0,1,"8,520",OldTown,6,91,"136,000"
1389,"1,746",3,2.0,3,"14,892",Gilbert,9,3,"377,500"
1390,"1,218",3,1.0,2,"6,000",BrkSide,6,66,"131,000"
1391,"1,525",3,2.0,2,"9,100",CollgCr,7,6,"235,000"
1392,"1,584",4,2.0,3,"8,944",NAmes,5,42,"124,000"
1393,900,3,1.0,1,"7,838",NAmes,5,39,"123,000"
1394,"1,912",3,2.0,2,"10,800",OldTown,6,103,"163,000"
1395,"1,500",2,2.0,3,"4,045",Blmngtn,7,0,"246,578"
1396,"2,482",4,2.5,3,"12,665",Timber,8,2,"281,213"
1397,"1,687",3,1.0,2,"57,200",Timber,5,62,"160,000"
1398,"1,513",4,1.5,1,"6,120",BrkSide,5,87,"137,500"
1399,"1,904",3,1.5,1,"7,200",NAmes,5,59,"138,000"
1400,"1,608",3,2.5,1,"6,171",SWISU,6,84,"137,450"
1401,"1,158",3,1.0,1,"6,000",BrkSide,6,79,"120,000"
1402,"1,593",3,2.5,2,"7,415",Gilbert,6,4,"193,000"
1403,"1,294",2,2.0,2,"6,762",CollgCr,7,0,"193,879"
1404,"1,464",3,2.0,3,"15,256",Somerst,8,0,"282,922"
1405,"1,214",3,1.0,3,"10,410",OldTown,3,91,"105,000"
1406,"1,646",2,2.0,2,"3,842",Crawfor,8,4,"275,000"
1407,768,2,1.0,2,"8,445",CollgCr,5,37,"133,000"
1408,833,3,1.0,0,"8,780",Mitchel,5,24,"112,000"
1409,"1,363",3,1.0,2,"7,740",OldTown,4,100,"125,500"
1410,"2,093",3,2.5,2,"20,544",NWAmes,7,22,"215,000"
1411,"1,840",3,2.5,2,"12,420",CollgCr,7,8,"230,000"
1412,"1,668",3,1.5,1,"9,600",NAmes,6,59,"140,000"
1413,"1,040",2,2.0,2,"7,200",NAmes,4,60,"90,000"
1414,"1,844",2,2.0,2,"10,994",SawyerW,8,4,"257,000"
1415,"1,848",4,1.5,2,"13,053",BrkSide,6,85,"207,000"
1416,"1,569",1,2.0,3,"3,635",Blmngtn,7,2,"175,900"
1417,"2,290",4,2.0,2,"11,340",OldTown,4,125,"122,500"
1418,"2,450",3,2.5,3,"16,545",NoRidge,8,11,"340,000"
1419,"1,144",3,1.5,1,"9,204",NAmes,5,45,"124,000"
1420,"1,844",3,2.0,2,"16,381",Crawfor,6,37,"223,000"
1421,"1,416",3,2.5,2,"11,700",NWAmes,6,38,"179,900"
1422,"1,069",2,2.0,2,"4,043",NPkVill,6,33,"127,500"
1423,848,1,1.0,2,"4,435",CollgCr,6,5,"136,500"
1424,"2,201",4,2.0,2,"19,690",Edwards,6,40,"274,970"
1425,"1,344",2,1.0,1,"9,503",NAmes,5,49,"144,000"
1426,"1,252",3,1.0,2,"10,721",NAmes,6,49,"142,000"
1427,"2,127",3,2.5,2,"10,944",NoRidge,7,14,"271,000"
1428,"1,558",3,1.5,1,"10,930",NAmes,5,63,"140,000"
1429,804,2,1.0,1,"7,200",OldTown,5,70,"119,000"
1430,"1,440",3,2.0,2,"12,546",NWAmes,6,26,"182,900"
1431,"1,838",4,2.5,2,"21,930",Gilbert,5,1,"192,140"
1432,958,2,2.0,2,"4,928",NPkVill,6,33,"143,750"
1433,968,4,2.0,1,"10,800",OldTown,4,80,"64,500"
1434,"1,792",3,2.5,2,"10,261",Gilbert,6,8,"186,500"
1435,"1,126",3,2.0,2,"17,400",Mitchel,5,29,"160,000"
1436,"1,537",3,1.5,2,"8,400",NAmes,6,46,"174,000"
1437,864,3,1.0,2,"9,000",NAmes,4,36,"120,500"
1438,"1,932",2,2.0,3,"12,444",NridgHt,8,0,"394,617"
1439,"1,236",2,1.0,2,"7,407",OldTown,6,53,"149,700"
1440,"1,725",3,2.5,2,"11,584",NWAmes,7,28,"197,000"
1441,"2,555",3,2.0,2,"11,526",Crawfor,6,86,"191,000"
1442,848,1,1.0,2,"4,426",CollgCr,6,4,"149,300"
1443,"2,007",3,2.5,3,"11,003",Somerst,10,1,"310,000"
1444,952,2,1.0,1,"8,854",BrkSide,6,93,"121,000"
1445,"1,422",3,2.0,2,"8,500",CollgCr,7,3,"179,600"
1446,913,3,1.0,1,"8,400",Sawyer,6,41,"129,000"
1447,"1,188",3,1.0,1,"26,142",Mitchel,5,48,"157,900"
1448,"2,090",3,2.5,2,"10,000",CollgCr,8,12,"240,000"
1449,"1,346",2,1.5,1,"11,767",Edwards,4,97,"112,000"
1450,630,1,1.0,0,"1,533",MeadowV,5,36,"92,000"
1451,"1,792",4,3.0,0,"9,000",NAmes,5,35,"136,000"
1452,"1,578",3,2.0,3,"9,262",Somerst,8,1,"287,090"
1453,"1,072",2,1.0,2,"3,675",Edwards,5,1,"145,000"
1454,"1,140",3,1.0,0,"17,217",Mitchel,5,0,"84,500"
1455,"1,221",2,2.0,2,"7,500",Somerst,7,5,"185,000"
1456,"1,647",3,2.5,2,"7,917",Gilbert,6,8,"175,000"
1457,"2,073",3,2.0,2,"13,175",NWAmes,6,32,"210,000"
1458,"2,340",4,2.0,1,"9,042",Crawfor,7,69,"266,500"
1459,"1,078",2,1.0,1,"9,717",NAmes,5,60,"142,125"
1460,"1,256",3,1.5,1,"9,937",Edwards,5,43,"147,500"
